{
  "Get Heros Page" : {
    "transaction" : "Get Heros Page",
    "sampleCount" : 1000,
    "errorCount" : 0,
    "errorPct" : 0.0,
    "meanResTime" : 309.3740000000002,
    "medianResTime" : 165.5,
    "minResTime" : 15.0,
    "maxResTime" : 4116.0,
    "pct1ResTime" : 854.9,
    "pct2ResTime" : 1018.0,
    "pct3ResTime" : 1170.91,
    "throughput" : 18.765598904089025,
    "receivedKBytesPerSec" : 498.1680084069883,
    "sentKBytesPerSec" : 5.974204338606467
  },
  "Get Feeds" : {
    "transaction" : "Get Feeds",
    "sampleCount" : 1000,
    "errorCount" : 0,
    "errorPct" : 0.0,
    "meanResTime" : 332.2680000000002,
    "medianResTime" : 178.5,
    "minResTime" : 17.0,
    "maxResTime" : 4324.0,
    "pct1ResTime" : 932.8,
    "pct2ResTime" : 1049.9499999999998,
    "pct3ResTime" : 1224.94,
    "throughput" : 18.726241081627684,
    "receivedKBytesPerSec" : 496.135664594296,
    "sentKBytesPerSec" : 5.833662993202374
  },
  "Get Channels Page" : {
    "transaction" : "Get Channels Page",
    "sampleCount" : 1000,
    "errorCount" : 0,
    "errorPct" : 0.0,
    "meanResTime" : 235.11199999999997,
    "medianResTime" : 101.0,
    "minResTime" : 6.0,
    "maxResTime" : 4082.0,
    "pct1ResTime" : 725.9,
    "pct2ResTime" : 944.9499999999999,
    "pct3ResTime" : 1137.89,
    "throughput" : 18.770530267480055,
    "receivedKBytesPerSec" : 33.87494134209292,
    "sentKBytesPerSec" : 6.030766072266542
  },
  "Total" : {
    "transaction" : "Total",
    "sampleCount" : 8000,
    "errorCount" : 1000,
    "errorPct" : 12.5,
    "meanResTime" : 330.8609999999988,
    "medianResTime" : 168.0,
    "minResTime" : 2.0,
    "maxResTime" : 4324.0,
    "pct1ResTime" : 952.9000000000005,
    "pct2ResTime" : 1264.0,
    "pct3ResTime" : 1618.9899999999998,
    "throughput" : 148.20029269557807,
    "receivedKBytesPerSec" : 1651.3140546558047,
    "sentKBytesPerSec" : 42.89341967544136
  },
  "Get Channels" : {
    "transaction" : "Get Channels",
    "sampleCount" : 1000,
    "errorCount" : 0,
    "errorPct" : 0.0,
    "meanResTime" : 439.8870000000001,
    "medianResTime" : 211.0,
    "minResTime" : 30.0,
    "maxResTime" : 4073.0,
    "pct1ResTime" : 1362.6999999999998,
    "pct2ResTime" : 1499.0,
    "pct3ResTime" : 1654.94,
    "throughput" : 18.758910482479177,
    "receivedKBytesPerSec" : 57.63235583777294,
    "sentKBytesPerSec" : 5.825521028738651
  },
  "Get Heros" : {
    "transaction" : "Get Heros",
    "sampleCount" : 1000,
    "errorCount" : 0,
    "errorPct" : 0.0,
    "meanResTime" : 439.7460000000002,
    "medianResTime" : 215.0,
    "minResTime" : 26.0,
    "maxResTime" : 4080.0,
    "pct1ResTime" : 1383.6,
    "pct2ResTime" : 1488.85,
    "pct3ResTime" : 1664.98,
    "throughput" : 18.76137408303784,
    "receivedKBytesPerSec" : 53.46258747490666,
    "sentKBytesPerSec" : 5.771321129059492
  },
  "Play Feed Video - master" : {
    "transaction" : "Play Feed Video - master",
    "sampleCount" : 1000,
    "errorCount" : 1000,
    "errorPct" : 100.0,
    "meanResTime" : 55.39399999999997,
    "medianResTime" : 37.0,
    "minResTime" : 2.0,
    "maxResTime" : 321.0,
    "pct1ResTime" : 124.0,
    "pct2ResTime" : 131.0,
    "pct3ResTime" : 147.0,
    "throughput" : 18.737820416729125,
    "receivedKBytesPerSec" : 11.56354082736846,
    "sentKBytesPerSec" : 2.946083092864638
  },
  "login" : {
    "transaction" : "login",
    "sampleCount" : 1000,
    "errorCount" : 0,
    "errorPct" : 0.0,
    "meanResTime" : 534.0289999999998,
    "medianResTime" : 312.5,
    "minResTime" : 13.0,
    "maxResTime" : 4267.0,
    "pct1ResTime" : 1461.6,
    "pct2ResTime" : 1592.9499999999998,
    "pct3ResTime" : 1812.0,
    "throughput" : 18.612615630874608,
    "receivedKBytesPerSec" : 22.484185093156142,
    "sentKBytesPerSec" : 5.034857939211197
  },
  "Get Feeds Page" : {
    "transaction" : "Get Feeds Page",
    "sampleCount" : 1000,
    "errorCount" : 0,
    "errorPct" : 0.0,
    "meanResTime" : 301.0780000000001,
    "medianResTime" : 167.5,
    "minResTime" : 15.0,
    "maxResTime" : 4252.0,
    "pct1ResTime" : 881.3999999999999,
    "pct2ResTime" : 1020.0,
    "pct3ResTime" : 1178.98,
    "throughput" : 18.76876876876877,
    "receivedKBytesPerSec" : 498.2521584084084,
    "sentKBytesPerSec" : 5.975213494744745
  }
}