{
  "Get Heros Page" : {
    "transaction" : "Get Heros Page",
    "sampleCount" : 5000,
    "errorCount" : 0,
    "errorPct" : 0.0,
    "meanResTime" : 3873.0031999999965,
    "medianResTime" : 2540.0,
    "minResTime" : 16.0,
    "maxResTime" : 35640.0,
    "pct1ResTime" : 5089.800000000001,
    "pct2ResTime" : 21219.799999999996,
    "pct3ResTime" : 29110.689999999995,
    "throughput" : 9.591626893387147,
    "receivedKBytesPerSec" : 270.65435457463053,
    "sentKBytesPerSec" : 3.053584343011924
  },
  "Get Feeds" : {
    "transaction" : "Get Feeds",
    "sampleCount" : 5000,
    "errorCount" : 0,
    "errorPct" : 0.0,
    "meanResTime" : 3782.1656000000066,
    "medianResTime" : 2648.0,
    "minResTime" : 55.0,
    "maxResTime" : 35830.0,
    "pct1ResTime" : 4925.0,
    "pct2ResTime" : 16933.849999999948,
    "pct3ResTime" : 28477.509999999987,
    "throughput" : 9.594995250477352,
    "receivedKBytesPerSec" : 270.2621562592951,
    "sentKBytesPerSec" : 2.9890659032248776
  },
  "Get Channels Page" : {
    "transaction" : "Get Channels Page",
    "sampleCount" : 5000,
    "errorCount" : 0,
    "errorPct" : 0.0,
    "meanResTime" : 3659.611599999997,
    "medianResTime" : 2332.5,
    "minResTime" : 6.0,
    "maxResTime" : 35464.0,
    "pct1ResTime" : 5073.600000000008,
    "pct2ResTime" : 19842.999999999978,
    "pct3ResTime" : 29585.77999999995,
    "throughput" : 9.591645293283738,
    "receivedKBytesPerSec" : 17.965601242693563,
    "sentKBytesPerSec" : 3.0816907241116698
  },
  "Total" : {
    "transaction" : "Total",
    "sampleCount" : 35000,
    "errorCount" : 1,
    "errorPct" : 0.0028571428,
    "meanResTime" : 6825.0559714285755,
    "medianResTime" : 3621.0,
    "minResTime" : 4.0,
    "maxResTime" : 48801.0,
    "pct1ResTime" : 25253.40000000001,
    "pct2ResTime" : 29050.600000000006,
    "pct3ResTime" : 35802.310000000114,
    "throughput" : 67.04068986785322,
    "receivedKBytesPerSec" : 1942.0314530674466,
    "sentKBytesPerSec" : 20.669632339279524
  },
  "Get Channels" : {
    "transaction" : "Get Channels",
    "sampleCount" : 5000,
    "errorCount" : 0,
    "errorPct" : 0.0,
    "meanResTime" : 13537.552799999987,
    "medianResTime" : 11721.0,
    "minResTime" : 144.0,
    "maxResTime" : 48703.0,
    "pct1ResTime" : 27859.4,
    "pct2ResTime" : 30855.699999999997,
    "pct3ResTime" : 40639.99,
    "throughput" : 9.588867708145552,
    "receivedKBytesPerSec" : 552.8956103122518,
    "sentKBytesPerSec" : 2.977792901553013
  },
  "Get Heros" : {
    "transaction" : "Get Heros",
    "sampleCount" : 5000,
    "errorCount" : 0,
    "errorPct" : 0.0,
    "meanResTime" : 12896.020800000006,
    "medianResTime" : 10483.5,
    "minResTime" : 64.0,
    "maxResTime" : 48801.0,
    "pct1ResTime" : 27770.600000000006,
    "pct2ResTime" : 31191.35,
    "pct3ResTime" : 40214.32999999999,
    "throughput" : 9.59015513034939,
    "receivedKBytesPerSec" : 550.8345352994429,
    "sentKBytesPerSec" : 2.9500965488867745
  },
  "login" : {
    "transaction" : "login",
    "sampleCount" : 5000,
    "errorCount" : 0,
    "errorPct" : 0.0,
    "meanResTime" : 5858.053599999997,
    "medianResTime" : 4412.5,
    "minResTime" : 31.0,
    "maxResTime" : 38266.0,
    "pct1ResTime" : 8032.0000000000055,
    "pct2ResTime" : 25011.449999999997,
    "pct3ResTime" : 30314.08999999996,
    "throughput" : 9.599655948330811,
    "receivedKBytesPerSec" : 11.596459382895718,
    "sentKBytesPerSec" : 2.596781931335581
  },
  "Get Feeds Page" : {
    "transaction" : "Get Feeds Page",
    "sampleCount" : 5000,
    "errorCount" : 1,
    "errorPct" : 0.02,
    "meanResTime" : 4168.984200000007,
    "medianResTime" : 2901.0,
    "minResTime" : 4.0,
    "maxResTime" : 35508.0,
    "pct1ResTime" : 5096.900000000001,
    "pct2ResTime" : 21600.0,
    "pct3ResTime" : 29740.61999999999,
    "throughput" : 9.594847950444528,
    "receivedKBytesPerSec" : 270.69161568004444,
    "sentKBytesPerSec" : 3.054609796723551
  }
}