{
  "Get Heros Page" : {
    "transaction" : "Get Heros Page",
    "sampleCount" : 1000,
    "errorCount" : 0,
    "errorPct" : 0.0,
    "meanResTime" : 168.5990000000002,
    "medianResTime" : 123.5,
    "minResTime" : 15.0,
    "maxResTime" : 756.0,
    "pct1ResTime" : 366.69999999999993,
    "pct2ResTime" : 469.89999999999986,
    "pct3ResTime" : 629.7800000000002,
    "throughput" : 23.687701345461434,
    "receivedKBytesPerSec" : 626.6831222166951,
    "sentKBytesPerSec" : 7.541201795527762
  },
  "Get Feeds" : {
    "transaction" : "Get Feeds",
    "sampleCount" : 1000,
    "errorCount" : 0,
    "errorPct" : 0.0,
    "meanResTime" : 161.1099999999998,
    "medianResTime" : 116.0,
    "minResTime" : 13.0,
    "maxResTime" : 752.0,
    "pct1ResTime" : 344.79999999999995,
    "pct2ResTime" : 462.0,
    "pct3ResTime" : 653.5800000000004,
    "throughput" : 23.401666198633343,
    "receivedKBytesPerSec" : 617.8816884887204,
    "sentKBytesPerSec" : 7.290167497425817
  },
  "Get Channels Page" : {
    "transaction" : "Get Channels Page",
    "sampleCount" : 1000,
    "errorCount" : 0,
    "errorPct" : 0.0,
    "meanResTime" : 129.679,
    "medianResTime" : 88.0,
    "minResTime" : 6.0,
    "maxResTime" : 713.0,
    "pct1ResTime" : 326.69999999999993,
    "pct2ResTime" : 423.0,
    "pct3ResTime" : 579.9000000000001,
    "throughput" : 23.690507213759446,
    "receivedKBytesPerSec" : 42.7539622373315,
    "sentKBytesPerSec" : 7.61150085285826
  },
  "Total" : {
    "transaction" : "Total",
    "sampleCount" : 8000,
    "errorCount" : 1000,
    "errorPct" : 12.5,
    "meanResTime" : 179.62912500000013,
    "medianResTime" : 126.0,
    "minResTime" : 2.0,
    "maxResTime" : 1251.0,
    "pct1ResTime" : 398.0,
    "pct2ResTime" : 526.9499999999998,
    "pct3ResTime" : 807.9899999999998,
    "throughput" : 184.7020525015584,
    "receivedKBytesPerSec" : 2051.6397808539004,
    "sentKBytesPerSec" : 53.4580769630365
  },
  "Get Channels" : {
    "transaction" : "Get Channels",
    "sampleCount" : 1000,
    "errorCount" : 0,
    "errorPct" : 0.0,
    "meanResTime" : 227.51200000000006,
    "medianResTime" : 163.5,
    "minResTime" : 29.0,
    "maxResTime" : 986.0,
    "pct1ResTime" : 479.5999999999999,
    "pct2ResTime" : 659.3499999999991,
    "pct3ResTime" : 897.96,
    "throughput" : 23.45215759849906,
    "receivedKBytesPerSec" : 72.02835512429644,
    "sentKBytesPerSec" : 7.282994254221388
  },
  "Get Heros" : {
    "transaction" : "Get Heros",
    "sampleCount" : 1000,
    "errorCount" : 0,
    "errorPct" : 0.0,
    "meanResTime" : 228.3060000000002,
    "medianResTime" : 165.0,
    "minResTime" : 30.0,
    "maxResTime" : 946.0,
    "pct1ResTime" : 485.4999999999999,
    "pct2ResTime" : 679.7999999999997,
    "pct3ResTime" : 888.96,
    "throughput" : 23.65744026496333,
    "receivedKBytesPerSec" : 67.39136059853324,
    "sentKBytesPerSec" : 7.277435237757274
  },
  "Play Feed Video - master" : {
    "transaction" : "Play Feed Video - master",
    "sampleCount" : 1000,
    "errorCount" : 1000,
    "errorPct" : 100.0,
    "meanResTime" : 58.905,
    "medianResTime" : 37.0,
    "minResTime" : 2.0,
    "maxResTime" : 448.0,
    "pct1ResTime" : 124.89999999999998,
    "pct2ResTime" : 129.0,
    "pct3ResTime" : 196.0,
    "throughput" : 23.411527836306597,
    "receivedKBytesPerSec" : 14.389356022030249,
    "sentKBytesPerSec" : 3.680914044575549
  },
  "login" : {
    "transaction" : "login",
    "sampleCount" : 1000,
    "errorCount" : 0,
    "errorPct" : 0.0,
    "meanResTime" : 306.8019999999999,
    "medianResTime" : 254.0,
    "minResTime" : 15.0,
    "maxResTime" : 1251.0,
    "pct1ResTime" : 582.7999999999997,
    "pct2ResTime" : 767.7499999999997,
    "pct3ResTime" : 991.99,
    "throughput" : 23.24284120490889,
    "receivedKBytesPerSec" : 28.07753376022685,
    "sentKBytesPerSec" : 6.287370130624767
  },
  "Get Feeds Page" : {
    "transaction" : "Get Feeds Page",
    "sampleCount" : 1000,
    "errorCount" : 0,
    "errorPct" : 0.0,
    "meanResTime" : 156.12000000000015,
    "medianResTime" : 117.0,
    "minResTime" : 14.0,
    "maxResTime" : 780.0,
    "pct1ResTime" : 326.9,
    "pct2ResTime" : 433.0,
    "pct3ResTime" : 665.97,
    "throughput" : 23.70229912301493,
    "receivedKBytesPerSec" : 627.0693218179664,
    "sentKBytesPerSec" : 7.545849134866082
  }
}