{
  "Get Heros Page" : {
    "transaction" : "Get Heros Page",
    "sampleCount" : 5000,
    "errorCount" : 1,
    "errorPct" : 0.02,
    "meanResTime" : 3506.81740000001,
    "medianResTime" : 2520.0,
    "minResTime" : 17.0,
    "maxResTime" : 33852.0,
    "pct1ResTime" : 3854.7000000000016,
    "pct2ResTime" : 4783.95,
    "pct3ResTime" : 31153.349999999984,
    "throughput" : 14.49687157511409,
    "receivedKBytesPerSec" : 384.7704525714913,
    "sentKBytesPerSec" : 4.6152149741085875
  },
  "Get Feeds" : {
    "transaction" : "Get Feeds",
    "sampleCount" : 5000,
    "errorCount" : 0,
    "errorPct" : 0.0,
    "meanResTime" : 3226.275000000012,
    "medianResTime" : 2514.0,
    "minResTime" : 19.0,
    "maxResTime" : 34151.0,
    "pct1ResTime" : 3746.9000000000005,
    "pct2ResTime" : 4263.849999999999,
    "pct3ResTime" : 31049.799999999996,
    "throughput" : 14.486203339939042,
    "receivedKBytesPerSec" : 383.79950841068967,
    "sentKBytesPerSec" : 4.512791860781792
  },
  "Get Channels Page" : {
    "transaction" : "Get Channels Page",
    "sampleCount" : 5000,
    "errorCount" : 0,
    "errorPct" : 0.0,
    "meanResTime" : 3761.270400000002,
    "medianResTime" : 2541.0,
    "minResTime" : 6.0,
    "maxResTime" : 33939.0,
    "pct1ResTime" : 3954.800000000001,
    "pct2ResTime" : 19022.749999999996,
    "pct3ResTime" : 30954.429999999942,
    "throughput" : 14.496787511887366,
    "receivedKBytesPerSec" : 26.16217121285923,
    "sentKBytesPerSec" : 4.6576592689559995
  },
  "Total" : {
    "transaction" : "Total",
    "sampleCount" : 40000,
    "errorCount" : 5001,
    "errorPct" : 12.5025,
    "meanResTime" : 3742.5719499999973,
    "medianResTime" : 2706.0,
    "minResTime" : 3.0,
    "maxResTime" : 35165.0,
    "pct1ResTime" : 5369.9000000000015,
    "pct2ResTime" : 28871.550000000007,
    "pct3ResTime" : 33112.94000000001,
    "throughput" : 115.78161272208361,
    "receivedKBytesPerSec" : 1289.9876250486645,
    "sentKBytesPerSec" : 33.51052292041751
  },
  "Get Channels" : {
    "transaction" : "Get Channels",
    "sampleCount" : 5000,
    "errorCount" : 0,
    "errorPct" : 0.0,
    "meanResTime" : 5428.650199999995,
    "medianResTime" : 3989.5,
    "minResTime" : 35.0,
    "maxResTime" : 35165.0,
    "pct1ResTime" : 5843.900000000001,
    "pct2ResTime" : 23111.8,
    "pct3ResTime" : 33714.249999999985,
    "throughput" : 14.484692576884749,
    "receivedKBytesPerSec" : 44.50082309265568,
    "sentKBytesPerSec" : 4.498176015087256
  },
  "Get Heros" : {
    "transaction" : "Get Heros",
    "sampleCount" : 5000,
    "errorCount" : 0,
    "errorPct" : 0.0,
    "meanResTime" : 5833.2841999999955,
    "medianResTime" : 4004.0,
    "minResTime" : 32.0,
    "maxResTime" : 34903.0,
    "pct1ResTime" : 6566.300000000009,
    "pct2ResTime" : 28798.899999999994,
    "pct3ResTime" : 33148.06999999998,
    "throughput" : 14.485196129555595,
    "receivedKBytesPerSec" : 41.277150689495336,
    "sentKBytesPerSec" : 4.455895293759777
  },
  "Play Feed Video - master" : {
    "transaction" : "Play Feed Video - master",
    "sampleCount" : 5000,
    "errorCount" : 5000,
    "errorPct" : 100.0,
    "meanResTime" : 112.75779999999979,
    "medianResTime" : 47.0,
    "minResTime" : 3.0,
    "maxResTime" : 32174.0,
    "pct1ResTime" : 132.0,
    "pct2ResTime" : 142.0,
    "pct3ResTime" : 300.0,
    "throughput" : 14.48100092678406,
    "receivedKBytesPerSec" : 8.909628145997452,
    "sentKBytesPerSec" : 2.276797997277572
  },
  "login" : {
    "transaction" : "login",
    "sampleCount" : 5000,
    "errorCount" : 0,
    "errorPct" : 0.0,
    "meanResTime" : 4660.515599999999,
    "medianResTime" : 3852.5,
    "minResTime" : 22.0,
    "maxResTime" : 34956.0,
    "pct1ResTime" : 5655.900000000001,
    "pct2ResTime" : 8781.499999999998,
    "pct3ResTime" : 31440.0,
    "throughput" : 14.503978441286446,
    "receivedKBytesPerSec" : 17.5209192694056,
    "sentKBytesPerSec" : 3.923439480699556
  },
  "Get Feeds Page" : {
    "transaction" : "Get Feeds Page",
    "sampleCount" : 5000,
    "errorCount" : 0,
    "errorPct" : 0.0,
    "meanResTime" : 3411.0050000000024,
    "medianResTime" : 2526.0,
    "minResTime" : 16.0,
    "maxResTime" : 34175.0,
    "pct1ResTime" : 3822.0,
    "pct2ResTime" : 4603.649999999999,
    "pct3ResTime" : 29996.55999999999,
    "throughput" : 14.496955639315743,
    "receivedKBytesPerSec" : 384.8488692374602,
    "sentKBytesPerSec" : 4.615241736735286
  }
}