{
  "Get Heros Page" : {
    "transaction" : "Get Heros Page",
    "sampleCount" : 1000,
    "errorCount" : 0,
    "errorPct" : 0.0,
    "meanResTime" : 78.819,
    "medianResTime" : 70.0,
    "minResTime" : 17.0,
    "maxResTime" : 631.0,
    "pct1ResTime" : 137.0,
    "pct2ResTime" : 160.0,
    "pct3ResTime" : 205.99,
    "throughput" : 29.41436009059623,
    "receivedKBytesPerSec" : 815.0420441509546,
    "sentKBytesPerSec" : 9.364337294467159
  },
  "Get Feeds" : {
    "transaction" : "Get Feeds",
    "sampleCount" : 1000,
    "errorCount" : 0,
    "errorPct" : 0.0,
    "meanResTime" : 77.42200000000001,
    "medianResTime" : 69.0,
    "minResTime" : 15.0,
    "maxResTime" : 261.0,
    "pct1ResTime" : 139.89999999999998,
    "pct2ResTime" : 164.0,
    "pct3ResTime" : 216.94000000000005,
    "throughput" : 29.065542799011773,
    "receivedKBytesPerSec" : 803.8439180351693,
    "sentKBytesPerSec" : 9.054597805551518
  },
  "Get Channels Page" : {
    "transaction" : "Get Channels Page",
    "sampleCount" : 1000,
    "errorCount" : 0,
    "errorPct" : 0.0,
    "meanResTime" : 43.78700000000005,
    "medianResTime" : 31.0,
    "minResTime" : 5.0,
    "maxResTime" : 747.0,
    "pct1ResTime" : 94.89999999999998,
    "pct2ResTime" : 120.94999999999993,
    "pct3ResTime" : 182.95000000000005,
    "throughput" : 29.419552234414994,
    "receivedKBytesPerSec" : 55.10420037657027,
    "sentKBytesPerSec" : 9.452180356564973
  },
  "Total" : {
    "transaction" : "Total",
    "sampleCount" : 7000,
    "errorCount" : 0,
    "errorPct" : 0.0,
    "meanResTime" : 95.21657142857121,
    "medianResTime" : 82.0,
    "minResTime" : 5.0,
    "maxResTime" : 747.0,
    "pct1ResTime" : 178.0,
    "pct2ResTime" : 215.0,
    "pct3ResTime" : 305.9899999999998,
    "throughput" : 202.15438819418375,
    "receivedKBytesPerSec" : 2616.810716709504,
    "sentKBytesPerSec" : 62.327176047592914
  },
  "Get Channels" : {
    "transaction" : "Get Channels",
    "sampleCount" : 1000,
    "errorCount" : 0,
    "errorPct" : 0.0,
    "meanResTime" : 159.4040000000001,
    "medianResTime" : 147.0,
    "minResTime" : 42.0,
    "maxResTime" : 534.0,
    "pct1ResTime" : 249.89999999999998,
    "pct2ResTime" : 292.6999999999996,
    "pct3ResTime" : 432.9200000000001,
    "throughput" : 29.071457642886216,
    "receivedKBytesPerSec" : 68.02266846909703,
    "sentKBytesPerSec" : 9.02805032269318
  },
  "Get Heros" : {
    "transaction" : "Get Heros",
    "sampleCount" : 1000,
    "errorCount" : 0,
    "errorPct" : 0.0,
    "meanResTime" : 124.82400000000007,
    "medianResTime" : 107.0,
    "minResTime" : 37.0,
    "maxResTime" : 426.0,
    "pct1ResTime" : 205.79999999999995,
    "pct2ResTime" : 254.94999999999993,
    "pct3ResTime" : 355.97,
    "throughput" : 29.155368961194206,
    "receivedKBytesPerSec" : 61.727382722528354,
    "sentKBytesPerSec" : 8.968692600367358
  },
  "login" : {
    "transaction" : "login",
    "sampleCount" : 1000,
    "errorCount" : 0,
    "errorPct" : 0.0,
    "meanResTime" : 105.48500000000004,
    "medianResTime" : 95.0,
    "minResTime" : 15.0,
    "maxResTime" : 370.0,
    "pct1ResTime" : 193.89999999999998,
    "pct2ResTime" : 221.94999999999993,
    "pct3ResTime" : 281.97,
    "throughput" : 29.025048616956436,
    "receivedKBytesPerSec" : 35.06248548747569,
    "sentKBytesPerSec" : 7.851502409079035
  },
  "Get Feeds Page" : {
    "transaction" : "Get Feeds Page",
    "sampleCount" : 1000,
    "errorCount" : 0,
    "errorPct" : 0.0,
    "meanResTime" : 76.77499999999999,
    "medianResTime" : 69.5,
    "minResTime" : 15.0,
    "maxResTime" : 289.0,
    "pct1ResTime" : 132.0,
    "pct2ResTime" : 152.94999999999993,
    "pct3ResTime" : 203.95000000000005,
    "throughput" : 29.88553838797406,
    "receivedKBytesPerSec" : 828.097916230836,
    "sentKBytesPerSec" : 9.51434132273393
  }
}