{
  "Get Feeds" : {
    "transaction" : "Get Feeds",
    "sampleCount" : 700,
    "errorCount" : 1,
    "errorPct" : 0.14285715,
    "meanResTime" : 6648.617142857143,
    "medianResTime" : 5566.0,
    "minResTime" : 1.0,
    "maxResTime" : 24059.0,
    "pct1ResTime" : 13222.999999999998,
    "pct2ResTime" : 15237.299999999992,
    "pct3ResTime" : 20979.99,
    "throughput" : 1.6395861684510828,
    "receivedKBytesPerSec" : 46.43664401158719,
    "sentKBytesPerSec" : 0.5107695192733354
  },
  "Play Channel Video - master" : {
    "transaction" : "Play Channel Video - master",
    "sampleCount" : 660,
    "errorCount" : 0,
    "errorPct" : 0.0,
    "meanResTime" : 8.828787878787884,
    "medianResTime" : 8.0,
    "minResTime" : 1.0,
    "maxResTime" : 45.0,
    "pct1ResTime" : 15.0,
    "pct2ResTime" : 16.0,
    "pct3ResTime" : 26.0,
    "throughput" : 1.5827300174340109,
    "receivedKBytesPerSec" : 4.683273391430716,
    "sentKBytesPerSec" : 0.3477678260963403
  },
  "Get Channels" : {
    "transaction" : "Get Channels",
    "sampleCount" : 689,
    "errorCount" : 0,
    "errorPct" : 0.0,
    "meanResTime" : 17038.647314949216,
    "medianResTime" : 15775.0,
    "minResTime" : 405.0,
    "maxResTime" : 39360.0,
    "pct1ResTime" : 25735.0,
    "pct2ResTime" : 27741.0,
    "pct3ResTime" : 34944.700000000026,
    "throughput" : 1.6128201646996034,
    "receivedKBytesPerSec" : 128.80826045845993,
    "sentKBytesPerSec" : 0.5008562620844472
  },
  "Get Heros" : {
    "transaction" : "Get Heros",
    "sampleCount" : 660,
    "errorCount" : 0,
    "errorPct" : 0.0,
    "meanResTime" : 11709.063636363631,
    "medianResTime" : 10948.0,
    "minResTime" : 562.0,
    "maxResTime" : 29691.0,
    "pct1ResTime" : 19315.6,
    "pct2ResTime" : 23407.549999999977,
    "pct3ResTime" : 26990.57,
    "throughput" : 1.5488303983779521,
    "receivedKBytesPerSec" : 72.37454547107912,
    "sentKBytesPerSec" : 0.47644685106353024
  },
  "Play Feed Video - master" : {
    "transaction" : "Play Feed Video - master",
    "sampleCount" : 689,
    "errorCount" : 0,
    "errorPct" : 0.0,
    "meanResTime" : 9.985486211901307,
    "medianResTime" : 8.0,
    "minResTime" : 1.0,
    "maxResTime" : 199.0,
    "pct1ResTime" : 15.0,
    "pct2ResTime" : 17.0,
    "pct3ResTime" : 41.30000000000007,
    "throughput" : 1.6500187991982203,
    "receivedKBytesPerSec" : 4.896881963636124,
    "sentKBytesPerSec" : 0.37383238419334675
  },
  "login" : {
    "transaction" : "login",
    "sampleCount" : 708,
    "errorCount" : 0,
    "errorPct" : 0.0,
    "meanResTime" : 6878.13559322034,
    "medianResTime" : 5500.0,
    "minResTime" : 48.0,
    "maxResTime" : 33187.0,
    "pct1ResTime" : 15495.300000000001,
    "pct2ResTime" : 18258.49999999999,
    "pct3ResTime" : 25486.74999999997,
    "throughput" : 1.663920883852212,
    "receivedKBytesPerSec" : 2.010029427075377,
    "sentKBytesPerSec" : 0.45010359846392844
  },
  "Get Feeds Page" : {
    "transaction" : "Get Feeds Page",
    "sampleCount" : 619,
    "errorCount" : 0,
    "errorPct" : 0.0,
    "meanResTime" : 6714.941841680131,
    "medianResTime" : 5662.0,
    "minResTime" : 417.0,
    "maxResTime" : 23964.0,
    "pct1ResTime" : 12649.0,
    "pct2ResTime" : 14059.0,
    "pct3ResTime" : 20088.59999999999,
    "throughput" : 1.4602431694117979,
    "receivedKBytesPerSec" : 41.49286669958504,
    "sentKBytesPerSec" : 0.4648821027619591
  },
  "Play Feed Video - video segment" : {
    "transaction" : "Play Feed Video - video segment",
    "sampleCount" : 689,
    "errorCount" : 0,
    "errorPct" : 0.0,
    "meanResTime" : 29.32946298984038,
    "medianResTime" : 24.0,
    "minResTime" : 13.0,
    "maxResTime" : 299.0,
    "pct1ResTime" : 40.0,
    "pct2ResTime" : 52.0,
    "pct3ResTime" : 147.7000000000006,
    "throughput" : 1.649280205286314,
    "receivedKBytesPerSec" : 12042.04063950077,
    "sentKBytesPerSec" : 0.3495056685030568
  },
  "Play Feed Video - audio segment" : {
    "transaction" : "Play Feed Video - audio segment",
    "sampleCount" : 689,
    "errorCount" : 0,
    "errorPct" : 0.0,
    "meanResTime" : 6.9230769230769225,
    "medianResTime" : 6.0,
    "minResTime" : 3.0,
    "maxResTime" : 200.0,
    "pct1ResTime" : 8.0,
    "pct2ResTime" : 11.0,
    "pct3ResTime" : 21.0,
    "throughput" : 1.6491894078476523,
    "receivedKBytesPerSec" : 2695.6612875151695,
    "sentKBytesPerSec" : 0.34948642724896534
  },
  "Get Heros Page" : {
    "transaction" : "Get Heros Page",
    "sampleCount" : 633,
    "errorCount" : 0,
    "errorPct" : 0.0,
    "meanResTime" : 7174.6113744075865,
    "medianResTime" : 5867.0,
    "minResTime" : 330.0,
    "maxResTime" : 24591.0,
    "pct1ResTime" : 13216.800000000001,
    "pct2ResTime" : 15882.999999999996,
    "pct3ResTime" : 21266.94,
    "throughput" : 1.4874343519791338,
    "receivedKBytesPerSec" : 42.26550521439145,
    "sentKBytesPerSec" : 0.473538670649607
  },
  "Play Channel Video - video segment" : {
    "transaction" : "Play Channel Video - video segment",
    "sampleCount" : 660,
    "errorCount" : 0,
    "errorPct" : 0.0,
    "meanResTime" : 197.25606060606046,
    "medianResTime" : 162.0,
    "minResTime" : 94.0,
    "maxResTime" : 2351.0,
    "pct1ResTime" : 312.9,
    "pct2ResTime" : 360.0,
    "pct3ResTime" : 648.4599999999998,
    "throughput" : 1.5814898592953264,
    "receivedKBytesPerSec" : 82964.10549675555,
    "sentKBytesPerSec" : 0.3243289750507994
  },
  "Get Channels Page" : {
    "transaction" : "Get Channels Page",
    "sampleCount" : 640,
    "errorCount" : 0,
    "errorPct" : 0.0,
    "meanResTime" : 4495.915625000003,
    "medianResTime" : 3646.5,
    "minResTime" : 17.0,
    "maxResTime" : 20977.0,
    "pct1ResTime" : 10192.0,
    "pct2ResTime" : 11911.049999999992,
    "pct3ResTime" : 17861.930000000004,
    "throughput" : 1.5052129758766102,
    "receivedKBytesPerSec" : 5.332922535625333,
    "sentKBytesPerSec" : 0.48360846588223116
  },
  "Total" : {
    "transaction" : "Total",
    "sampleCount" : 8696,
    "errorCount" : 1,
    "errorPct" : 0.01149954,
    "meanResTime" : 4687.715731370754,
    "medianResTime" : 966.0,
    "minResTime" : 1.0,
    "maxResTime" : 39360.0,
    "pct1ResTime" : 14338.3,
    "pct2ResTime" : 17977.59999999999,
    "pct3ResTime" : 25765.15,
    "throughput" : 20.34708914486538,
    "receivedKBytesPerSec" : 113642.11644893895,
    "sentKBytesPerSec" : 5.36903155366498
  },
  "Play Channel Video - audio segment" : {
    "transaction" : "Play Channel Video - audio segment",
    "sampleCount" : 660,
    "errorCount" : 0,
    "errorPct" : 0.0,
    "meanResTime" : 44.96363636363633,
    "medianResTime" : 35.0,
    "minResTime" : 21.0,
    "maxResTime" : 553.0,
    "pct1ResTime" : 50.89999999999998,
    "pct2ResTime" : 112.94999999999993,
    "pct3ResTime" : 228.0,
    "throughput" : 1.581921987277512,
    "receivedKBytesPerSec" : 18312.472595373718,
    "sentKBytesPerSec" : 0.32441759504714607
  }
}