{
  "Get Heros Page" : {
    "transaction" : "Get Heros Page",
    "sampleCount" : 100,
    "errorCount" : 0,
    "errorPct" : 0.0,
    "meanResTime" : 360.7799999999999,
    "medianResTime" : 347.5,
    "minResTime" : 60.0,
    "maxResTime" : 906.0,
    "pct1ResTime" : 600.7,
    "pct2ResTime" : 674.1999999999998,
    "pct3ResTime" : 905.7499999999999,
    "throughput" : 1.5430908108942212,
    "receivedKBytesPerSec" : 43.846985668544086,
    "sentKBytesPerSec" : 0.4912574261245274
  },
  "Get Feeds" : {
    "transaction" : "Get Feeds",
    "sampleCount" : 100,
    "errorCount" : 0,
    "errorPct" : 0.0,
    "meanResTime" : 376.58,
    "medianResTime" : 319.5,
    "minResTime" : 61.0,
    "maxResTime" : 1014.0,
    "pct1ResTime" : 757.9,
    "pct2ResTime" : 830.4499999999998,
    "pct3ResTime" : 1013.91,
    "throughput" : 1.5137295268081499,
    "receivedKBytesPerSec" : 42.93285805379795,
    "sentKBytesPerSec" : 0.4715622256365233
  },
  "Play Channel Video - video segment" : {
    "transaction" : "Play Channel Video - video segment",
    "sampleCount" : 100,
    "errorCount" : 0,
    "errorPct" : 0.0,
    "meanResTime" : 178.43,
    "medianResTime" : 168.5,
    "minResTime" : 152.0,
    "maxResTime" : 504.0,
    "pct1ResTime" : 204.9,
    "pct2ResTime" : 214.95,
    "pct3ResTime" : 501.3899999999987,
    "throughput" : 1.5294963368562733,
    "receivedKBytesPerSec" : 80236.55184371224,
    "sentKBytesPerSec" : 0.3136662409568529
  },
  "Get Channels Page" : {
    "transaction" : "Get Channels Page",
    "sampleCount" : 100,
    "errorCount" : 0,
    "errorPct" : 0.0,
    "meanResTime" : 21.389999999999993,
    "medianResTime" : 19.0,
    "minResTime" : 9.0,
    "maxResTime" : 51.0,
    "pct1ResTime" : 29.900000000000006,
    "pct2ResTime" : 39.0,
    "pct3ResTime" : 50.95999999999998,
    "throughput" : 1.5438293142310187,
    "receivedKBytesPerSec" : 5.469739015654429,
    "sentKBytesPerSec" : 0.4960154730293019
  },
  "Play Channel Video - master" : {
    "transaction" : "Play Channel Video - master",
    "sampleCount" : 100,
    "errorCount" : 0,
    "errorPct" : 0.0,
    "meanResTime" : 5.170000000000002,
    "medianResTime" : 2.0,
    "minResTime" : 1.0,
    "maxResTime" : 22.0,
    "pct1ResTime" : 14.0,
    "pct2ResTime" : 16.0,
    "pct3ResTime" : 21.989999999999995,
    "throughput" : 1.5287481081742162,
    "receivedKBytesPerSec" : 4.522048847323926,
    "sentKBytesPerSec" : 0.3359065667374987
  },
  "Total" : {
    "transaction" : "Total",
    "sampleCount" : 1000,
    "errorCount" : 0,
    "errorPct" : 0.0,
    "meanResTime" : 422.51899999999955,
    "medianResTime" : 165.0,
    "minResTime" : 1.0,
    "maxResTime" : 3168.0,
    "pct1ResTime" : 1253.6999999999998,
    "pct2ResTime" : 1889.9499999999985,
    "pct3ResTime" : 2719.92,
    "throughput" : 14.85111754659538,
    "receivedKBytesPerSec" : 95425.92250965323,
    "sentKBytesPerSec" : 4.1406191987822085
  },
  "Get Channels" : {
    "transaction" : "Get Channels",
    "sampleCount" : 100,
    "errorCount" : 0,
    "errorPct" : 0.0,
    "meanResTime" : 1801.86,
    "medianResTime" : 1880.5,
    "minResTime" : 370.0,
    "maxResTime" : 3168.0,
    "pct1ResTime" : 2719.2,
    "pct2ResTime" : 2807.0,
    "pct3ResTime" : 3167.99,
    "throughput" : 1.5028102551771814,
    "receivedKBytesPerSec" : 120.02229325087914,
    "sentKBytesPerSec" : 0.46669302846322624
  },
  "Get Heros" : {
    "transaction" : "Get Heros",
    "sampleCount" : 100,
    "errorCount" : 0,
    "errorPct" : 0.0,
    "meanResTime" : 1013.6399999999999,
    "medianResTime" : 1076.5,
    "minResTime" : 217.0,
    "maxResTime" : 1775.0,
    "pct1ResTime" : 1506.3000000000002,
    "pct2ResTime" : 1566.7999999999997,
    "pct3ResTime" : 1773.8499999999995,
    "throughput" : 1.5362634999155054,
    "receivedKBytesPerSec" : 71.78731295991888,
    "sentKBytesPerSec" : 0.47258105710291426
  },
  "Play Channel Video - audio segment" : {
    "transaction" : "Play Channel Video - audio segment",
    "sampleCount" : 100,
    "errorCount" : 0,
    "errorPct" : 0.0,
    "meanResTime" : 39.43999999999999,
    "medianResTime" : 36.0,
    "minResTime" : 34.0,
    "maxResTime" : 144.0,
    "pct1ResTime" : 41.0,
    "pct2ResTime" : 51.64999999999992,
    "pct3ResTime" : 143.68999999999983,
    "throughput" : 1.5405472023662805,
    "receivedKBytesPerSec" : 17833.512823129775,
    "sentKBytesPerSec" : 0.31593253173527236
  },
  "login" : {
    "transaction" : "login",
    "sampleCount" : 100,
    "errorCount" : 0,
    "errorPct" : 0.0,
    "meanResTime" : 72.65,
    "medianResTime" : 62.5,
    "minResTime" : 14.0,
    "maxResTime" : 206.0,
    "pct1ResTime" : 158.4000000000001,
    "pct2ResTime" : 182.74999999999994,
    "pct3ResTime" : 205.91999999999996,
    "throughput" : 1.513156899238882,
    "receivedKBytesPerSec" : 1.8279053558188447,
    "sentKBytesPerSec" : 0.4093207627823929
  },
  "Get Feeds Page" : {
    "transaction" : "Get Feeds Page",
    "sampleCount" : 100,
    "errorCount" : 0,
    "errorPct" : 0.0,
    "meanResTime" : 355.2500000000001,
    "medianResTime" : 305.5,
    "minResTime" : 60.0,
    "maxResTime" : 1251.0,
    "pct1ResTime" : 705.7,
    "pct2ResTime" : 972.5499999999995,
    "pct3ResTime" : 1249.229999999999,
    "throughput" : 1.5432098765432098,
    "receivedKBytesPerSec" : 43.850368923611114,
    "sentKBytesPerSec" : 0.49129533179012347
  }
}