{
  "Get Heros Page" : {
    "transaction" : "Get Heros Page",
    "sampleCount" : 1000,
    "errorCount" : 0,
    "errorPct" : 0.0,
    "meanResTime" : 207.60699999999994,
    "medianResTime" : 186.0,
    "minResTime" : 15.0,
    "maxResTime" : 718.0,
    "pct1ResTime" : 387.9,
    "pct2ResTime" : 442.0,
    "pct3ResTime" : 562.8800000000001,
    "throughput" : 21.791239921551536,
    "receivedKBytesPerSec" : 576.5102350730007,
    "sentKBytesPerSec" : 6.937445521900196
  },
  "Get Feeds" : {
    "transaction" : "Get Feeds",
    "sampleCount" : 1000,
    "errorCount" : 0,
    "errorPct" : 0.0,
    "meanResTime" : 204.24600000000012,
    "medianResTime" : 186.0,
    "minResTime" : 14.0,
    "maxResTime" : 653.0,
    "pct1ResTime" : 384.0,
    "pct2ResTime" : 437.0,
    "pct3ResTime" : 537.95,
    "throughput" : 21.60573848414139,
    "receivedKBytesPerSec" : 570.4632337848933,
    "sentKBytesPerSec" : 6.730693922305765
  },
  "Get Channels Page" : {
    "transaction" : "Get Channels Page",
    "sampleCount" : 1000,
    "errorCount" : 0,
    "errorPct" : 0.0,
    "meanResTime" : 151.66099999999977,
    "medianResTime" : 128.0,
    "minResTime" : 7.0,
    "maxResTime" : 583.0,
    "pct1ResTime" : 315.0,
    "pct2ResTime" : 361.0,
    "pct3ResTime" : 493.8900000000001,
    "throughput" : 21.798365122615802,
    "receivedKBytesPerSec" : 39.33923705722071,
    "sentKBytesPerSec" : 7.003576294277929
  },
  "Total" : {
    "transaction" : "Total",
    "sampleCount" : 8000,
    "errorCount" : 1000,
    "errorPct" : 12.5,
    "meanResTime" : 217.77099999999976,
    "medianResTime" : 183.0,
    "minResTime" : 2.0,
    "maxResTime" : 1017.0,
    "pct1ResTime" : 447.90000000000055,
    "pct2ResTime" : 532.0,
    "pct3ResTime" : 679.9799999999996,
    "throughput" : 171.73278378842522,
    "receivedKBytesPerSec" : 1907.6139255833546,
    "sentKBytesPerSec" : 49.7043982375923
  },
  "Get Channels" : {
    "transaction" : "Get Channels",
    "sampleCount" : 1000,
    "errorCount" : 0,
    "errorPct" : 0.0,
    "meanResTime" : 275.5260000000001,
    "medianResTime" : 249.5,
    "minResTime" : 32.0,
    "maxResTime" : 904.0,
    "pct1ResTime" : 509.9,
    "pct2ResTime" : 553.8499999999998,
    "pct3ResTime" : 687.8800000000001,
    "throughput" : 21.74858634188778,
    "receivedKBytesPerSec" : 66.79619535667682,
    "sentKBytesPerSec" : 6.753955524140931
  },
  "Get Heros" : {
    "transaction" : "Get Heros",
    "sampleCount" : 1000,
    "errorCount" : 0,
    "errorPct" : 0.0,
    "meanResTime" : 278.2809999999999,
    "medianResTime" : 249.5,
    "minResTime" : 28.0,
    "maxResTime" : 816.0,
    "pct1ResTime" : 515.9,
    "pct2ResTime" : 570.0,
    "pct3ResTime" : 699.96,
    "throughput" : 21.765627720703463,
    "receivedKBytesPerSec" : 62.00228130985547,
    "sentKBytesPerSec" : 6.695481183614835
  },
  "Play Feed Video - master" : {
    "transaction" : "Play Feed Video - master",
    "sampleCount" : 1000,
    "errorCount" : 1000,
    "errorPct" : 100.0,
    "meanResTime" : 62.55499999999995,
    "medianResTime" : 37.0,
    "minResTime" : 2.0,
    "maxResTime" : 347.0,
    "pct1ResTime" : 128.0,
    "pct2ResTime" : 134.0,
    "pct3ResTime" : 269.0,
    "throughput" : 21.7169413859752,
    "receivedKBytesPerSec" : 13.382853049601495,
    "sentKBytesPerSec" : 3.4144800421308665
  },
  "login" : {
    "transaction" : "login",
    "sampleCount" : 1000,
    "errorCount" : 0,
    "errorPct" : 0.0,
    "meanResTime" : 357.59799999999984,
    "medianResTime" : 337.5,
    "minResTime" : 13.0,
    "maxResTime" : 1017.0,
    "pct1ResTime" : 613.0,
    "pct2ResTime" : 683.9499999999999,
    "pct3ResTime" : 855.99,
    "throughput" : 21.589412552084458,
    "receivedKBytesPerSec" : 26.08017903020359,
    "sentKBytesPerSec" : 5.840104762624408
  },
  "Get Feeds Page" : {
    "transaction" : "Get Feeds Page",
    "sampleCount" : 1000,
    "errorCount" : 0,
    "errorPct" : 0.0,
    "meanResTime" : 204.69399999999993,
    "medianResTime" : 183.0,
    "minResTime" : 15.0,
    "maxResTime" : 658.0,
    "pct1ResTime" : 383.9,
    "pct2ResTime" : 449.94999999999993,
    "pct3ResTime" : 576.9300000000001,
    "throughput" : 21.791239921551536,
    "receivedKBytesPerSec" : 576.5102350730007,
    "sentKBytesPerSec" : 6.937445521900196
  }
}