{
  "Get Heros Page" : {
    "transaction" : "Get Heros Page",
    "sampleCount" : 5000,
    "errorCount" : 0,
    "errorPct" : 0.0,
    "meanResTime" : 1129.7024000000008,
    "medianResTime" : 718.0,
    "minResTime" : 14.0,
    "maxResTime" : 14636.0,
    "pct1ResTime" : 2122.7000000000016,
    "pct2ResTime" : 2778.8999999999996,
    "pct3ResTime" : 11963.889999999998,
    "throughput" : 38.482259678288315,
    "receivedKBytesPerSec" : 1018.0887665473716,
    "sentKBytesPerSec" : 12.251188139767567
  },
  "Get Feeds" : {
    "transaction" : "Get Feeds",
    "sampleCount" : 5000,
    "errorCount" : 0,
    "errorPct" : 0.0,
    "meanResTime" : 1116.3587999999984,
    "medianResTime" : 676.0,
    "minResTime" : 16.0,
    "maxResTime" : 14717.0,
    "pct1ResTime" : 2265.5000000000027,
    "pct2ResTime" : 3014.8999999999996,
    "pct3ResTime" : 10013.859999999997,
    "throughput" : 38.40776758691678,
    "receivedKBytesPerSec" : 1014.0925900854189,
    "sentKBytesPerSec" : 11.964919785377395
  },
  "Get Channels Page" : {
    "transaction" : "Get Channels Page",
    "sampleCount" : 5000,
    "errorCount" : 2,
    "errorPct" : 0.04,
    "meanResTime" : 1076.8660000000007,
    "medianResTime" : 658.0,
    "minResTime" : 6.0,
    "maxResTime" : 14766.0,
    "pct1ResTime" : 2124.600000000002,
    "pct2ResTime" : 2706.95,
    "pct3ResTime" : 11928.05999999987,
    "throughput" : 38.48492545469939,
    "receivedKBytesPerSec" : 69.4296467901648,
    "sentKBytesPerSec" : 12.364785619722756
  },
  "Total" : {
    "transaction" : "Total",
    "sampleCount" : 40000,
    "errorCount" : 5002,
    "errorPct" : 12.505,
    "meanResTime" : 1200.9679750000025,
    "medianResTime" : 828.5,
    "minResTime" : 2.0,
    "maxResTime" : 15987.0,
    "pct1ResTime" : 2463.0,
    "pct2ResTime" : 3657.9500000000007,
    "pct3ResTime" : 12766.970000000005,
    "throughput" : 306.649698716671,
    "receivedKBytesPerSec" : 3406.253788201844,
    "sentKBytesPerSec" : 88.75322700893884
  },
  "Get Channels" : {
    "transaction" : "Get Channels",
    "sampleCount" : 5000,
    "errorCount" : 0,
    "errorPct" : 0.0,
    "meanResTime" : 1683.3953999999997,
    "medianResTime" : 1100.0,
    "minResTime" : 30.0,
    "maxResTime" : 15987.0,
    "pct1ResTime" : 3398.9000000000005,
    "pct2ResTime" : 5935.4999999999945,
    "pct3ResTime" : 12545.299999999985,
    "throughput" : 38.46005922849121,
    "receivedKBytesPerSec" : 118.12195925156725,
    "sentKBytesPerSec" : 11.943651205722857
  },
  "Get Heros" : {
    "transaction" : "Get Heros",
    "sampleCount" : 5000,
    "errorCount" : 0,
    "errorPct" : 0.0,
    "meanResTime" : 1651.671399999994,
    "medianResTime" : 1040.5,
    "minResTime" : 25.0,
    "maxResTime" : 15355.0,
    "pct1ResTime" : 3518.7000000000016,
    "pct2ResTime" : 5691.249999999997,
    "pct3ResTime" : 12236.859999999997,
    "throughput" : 38.46716058500858,
    "receivedKBytesPerSec" : 109.57881584616213,
    "sentKBytesPerSec" : 11.833159750271195
  },
  "Play Feed Video - master" : {
    "transaction" : "Play Feed Video - master",
    "sampleCount" : 5000,
    "errorCount" : 5000,
    "errorPct" : 100.0,
    "meanResTime" : 69.90160000000022,
    "medianResTime" : 43.0,
    "minResTime" : 2.0,
    "maxResTime" : 11976.0,
    "pct1ResTime" : 126.0,
    "pct2ResTime" : 136.0,
    "pct3ResTime" : 220.97999999999956,
    "throughput" : 38.429612322070895,
    "receivedKBytesPerSec" : 23.683329426322747,
    "sentKBytesPerSec" : 6.042155843606849
  },
  "login" : {
    "transaction" : "login",
    "sampleCount" : 5000,
    "errorCount" : 0,
    "errorPct" : 0.0,
    "meanResTime" : 1763.7058000000043,
    "medianResTime" : 1153.0,
    "minResTime" : 15.0,
    "maxResTime" : 15693.0,
    "pct1ResTime" : 3507.7000000000016,
    "pct2ResTime" : 6114.999999999993,
    "pct3ResTime" : 12450.629999999992,
    "throughput" : 38.38535828893426,
    "receivedKBytesPerSec" : 46.369812698644225,
    "sentKBytesPerSec" : 10.383539302768352
  },
  "Get Feeds Page" : {
    "transaction" : "Get Feeds Page",
    "sampleCount" : 5000,
    "errorCount" : 0,
    "errorPct" : 0.0,
    "meanResTime" : 1116.1423999999988,
    "medianResTime" : 720.0,
    "minResTime" : 14.0,
    "maxResTime" : 14800.0,
    "pct1ResTime" : 2202.0,
    "pct2ResTime" : 2809.199999999997,
    "pct3ResTime" : 10057.209999999983,
    "throughput" : 38.48936923621696,
    "receivedKBytesPerSec" : 1018.2768574007358,
    "sentKBytesPerSec" : 12.253451534186258
  }
}