{
  "Get Heros Page" : {
    "transaction" : "Get Heros Page",
    "sampleCount" : 5000,
    "errorCount" : 0,
    "errorPct" : 0.0,
    "meanResTime" : 2966.9024000000027,
    "medianResTime" : 2198.0,
    "minResTime" : 16.0,
    "maxResTime" : 31068.0,
    "pct1ResTime" : 3770.9000000000005,
    "pct2ResTime" : 4053.95,
    "pct3ResTime" : 28139.649999999972,
    "throughput" : 17.60923005402512,
    "receivedKBytesPerSec" : 465.8707533140571,
    "sentKBytesPerSec" : 5.606063474230653
  },
  "Get Feeds" : {
    "transaction" : "Get Feeds",
    "sampleCount" : 5000,
    "errorCount" : 0,
    "errorPct" : 0.0,
    "meanResTime" : 2916.351399999988,
    "medianResTime" : 2196.0,
    "minResTime" : 24.0,
    "maxResTime" : 31011.0,
    "pct1ResTime" : 3724.9000000000005,
    "pct2ResTime" : 4029.95,
    "pct3ResTime" : 27787.129999999983,
    "throughput" : 17.63400965638369,
    "receivedKBytesPerSec" : 465.59640535121656,
    "sentKBytesPerSec" : 5.49340730506484
  },
  "Get Channels Page" : {
    "transaction" : "Get Channels Page",
    "sampleCount" : 5000,
    "errorCount" : 0,
    "errorPct" : 0.0,
    "meanResTime" : 2867.0760000000014,
    "medianResTime" : 2144.0,
    "minResTime" : 9.0,
    "maxResTime" : 30842.0,
    "pct1ResTime" : 3689.7000000000016,
    "pct2ResTime" : 4000.8999999999996,
    "pct3ResTime" : 27540.819999999996,
    "throughput" : 17.609478125506275,
    "receivedKBytesPerSec" : 31.779605054624604,
    "sentKBytesPerSec" : 5.657732718058168
  },
  "Total" : {
    "transaction" : "Total",
    "sampleCount" : 40000,
    "errorCount" : 5000,
    "errorPct" : 12.5,
    "meanResTime" : 3112.209399999969,
    "medianResTime" : 2506.5,
    "minResTime" : 3.0,
    "maxResTime" : 32883.0,
    "pct1ResTime" : 4373.0,
    "pct2ResTime" : 5903.950000000001,
    "pct3ResTime" : 29692.99,
    "throughput" : 140.57826870833173,
    "receivedKBytesPerSec" : 1561.5364828613126,
    "sentKBytesPerSec" : 40.68738709807795
  },
  "Get Channels" : {
    "transaction" : "Get Channels",
    "sampleCount" : 5000,
    "errorCount" : 0,
    "errorPct" : 0.0,
    "meanResTime" : 4265.943000000018,
    "medianResTime" : 3361.5,
    "minResTime" : 52.0,
    "maxResTime" : 32804.0,
    "pct1ResTime" : 5649.0,
    "pct2ResTime" : 6095.799999999999,
    "pct3ResTime" : 30020.829999999994,
    "throughput" : 17.611959224792006,
    "receivedKBytesPerSec" : 54.091417736299654,
    "sentKBytesPerSec" : 5.469338899886578
  },
  "Get Heros" : {
    "transaction" : "Get Heros",
    "sampleCount" : 5000,
    "errorCount" : 0,
    "errorPct" : 0.0,
    "meanResTime" : 4385.632999999998,
    "medianResTime" : 3359.5,
    "minResTime" : 29.0,
    "maxResTime" : 32795.0,
    "pct1ResTime" : 5664.0,
    "pct2ResTime" : 19317.999999999993,
    "pct3ResTime" : 29273.539999999946,
    "throughput" : 17.605819779786408,
    "receivedKBytesPerSec" : 50.15251591566108,
    "sentKBytesPerSec" : 5.415852764289763
  },
  "Play Feed Video - master" : {
    "transaction" : "Play Feed Video - master",
    "sampleCount" : 5000,
    "errorCount" : 5000,
    "errorPct" : 100.0,
    "meanResTime" : 120.02499999999995,
    "medianResTime" : 44.0,
    "minResTime" : 3.0,
    "maxResTime" : 27326.0,
    "pct1ResTime" : 131.0,
    "pct2ResTime" : 141.0,
    "pct3ResTime" : 245.97999999999956,
    "throughput" : 17.638986393285897,
    "receivedKBytesPerSec" : 10.85783654965551,
    "sentKBytesPerSec" : 2.7733171966006145
  },
  "login" : {
    "transaction" : "login",
    "sampleCount" : 5000,
    "errorCount" : 0,
    "errorPct" : 0.0,
    "meanResTime" : 4404.943400000007,
    "medianResTime" : 3432.0,
    "minResTime" : 25.0,
    "maxResTime" : 32883.0,
    "pct1ResTime" : 5753.900000000001,
    "pct2ResTime" : 6518.799999999999,
    "pct3ResTime" : 28333.769999999997,
    "throughput" : 17.630651946247667,
    "receivedKBytesPerSec" : 21.297965290535515,
    "sentKBytesPerSec" : 4.769229090928325
  },
  "Get Feeds Page" : {
    "transaction" : "Get Feeds Page",
    "sampleCount" : 5000,
    "errorCount" : 0,
    "errorPct" : 0.0,
    "meanResTime" : 2970.8009999999963,
    "medianResTime" : 2210.0,
    "minResTime" : 14.0,
    "maxResTime" : 30694.0,
    "pct1ResTime" : 3779.9000000000005,
    "pct2ResTime" : 4050.95,
    "pct3ResTime" : 27466.759999999995,
    "throughput" : 17.61388255767666,
    "receivedKBytesPerSec" : 465.99384020509603,
    "sentKBytesPerSec" : 5.607544642385342
  }
}