{
  "Get Heros Page" : {
    "transaction" : "Get Heros Page",
    "sampleCount" : 5000,
    "errorCount" : 0,
    "errorPct" : 0.0,
    "meanResTime" : 1362.1189999999979,
    "medianResTime" : 712.0,
    "minResTime" : 16.0,
    "maxResTime" : 38354.0,
    "pct1ResTime" : 3231.7000000000126,
    "pct2ResTime" : 4570.0,
    "pct3ResTime" : 4932.9299999999985,
    "throughput" : 26.097940350547535,
    "receivedKBytesPerSec" : 723.1474213930036,
    "sentKBytesPerSec" : 8.308523978787594
  },
  "Get Feeds" : {
    "transaction" : "Get Feeds",
    "sampleCount" : 5000,
    "errorCount" : 0,
    "errorPct" : 0.0,
    "meanResTime" : 1394.4610000000027,
    "medianResTime" : 735.0,
    "minResTime" : 17.0,
    "maxResTime" : 37905.0,
    "pct1ResTime" : 3144.100000000005,
    "pct2ResTime" : 4585.95,
    "pct3ResTime" : 4992.879999999997,
    "throughput" : 26.058631921824105,
    "receivedKBytesPerSec" : 720.6840390879479,
    "sentKBytesPerSec" : 8.117874592833877
  },
  "Get Channels Page" : {
    "transaction" : "Get Channels Page",
    "sampleCount" : 5000,
    "errorCount" : 0,
    "errorPct" : 0.0,
    "meanResTime" : 1338.6987999999985,
    "medianResTime" : 624.0,
    "minResTime" : 5.0,
    "maxResTime" : 38036.0,
    "pct1ResTime" : 3136.5000000000027,
    "pct2ResTime" : 4516.9,
    "pct3ResTime" : 4956.939999999999,
    "throughput" : 26.09780413076044,
    "receivedKBytesPerSec" : 48.882410471482935,
    "sentKBytesPerSec" : 8.38493902248065
  },
  "Total" : {
    "transaction" : "Total",
    "sampleCount" : 35000,
    "errorCount" : 1,
    "errorPct" : 0.0028571428,
    "meanResTime" : 2199.169114285694,
    "medianResTime" : 853.0,
    "minResTime" : 5.0,
    "maxResTime" : 47614.0,
    "pct1ResTime" : 4934.9000000000015,
    "pct2ResTime" : 7368.950000000001,
    "pct3ResTime" : 36553.91000000002,
    "throughput" : 182.09439773578623,
    "receivedKBytesPerSec" : 2357.1310980893745,
    "sentKBytesPerSec" : 56.14238546262383
  },
  "Get Channels" : {
    "transaction" : "Get Channels",
    "sampleCount" : 5000,
    "errorCount" : 1,
    "errorPct" : 0.02,
    "meanResTime" : 4004.694599999998,
    "medianResTime" : 1989.0,
    "minResTime" : 29.0,
    "maxResTime" : 47614.0,
    "pct1ResTime" : 12267.300000000003,
    "pct2ResTime" : 13834.849999999999,
    "pct3ResTime" : 38719.86999999997,
    "throughput" : 26.07249195663623,
    "receivedKBytesPerSec" : 60.99476680274335,
    "sentKBytesPerSec" : 8.096730900596018
  },
  "Get Heros" : {
    "transaction" : "Get Heros",
    "sampleCount" : 5000,
    "errorCount" : 0,
    "errorPct" : 0.0,
    "meanResTime" : 3795.312999999993,
    "medianResTime" : 1885.5,
    "minResTime" : 37.0,
    "maxResTime" : 47353.0,
    "pct1ResTime" : 10504.7,
    "pct2ResTime" : 13790.0,
    "pct3ResTime" : 38040.909999999996,
    "throughput" : 26.089633545007228,
    "receivedKBytesPerSec" : 55.23664602106999,
    "sentKBytesPerSec" : 8.025619694020778
  },
  "login" : {
    "transaction" : "login",
    "sampleCount" : 5000,
    "errorCount" : 0,
    "errorPct" : 0.0,
    "meanResTime" : 2103.8656000000005,
    "medianResTime" : 1049.5,
    "minResTime" : 17.0,
    "maxResTime" : 40487.0,
    "pct1ResTime" : 5097.500000000052,
    "pct2ResTime" : 6934.95,
    "pct3ResTime" : 33880.92,
    "throughput" : 26.035293443792405,
    "receivedKBytesPerSec" : 31.450837880831255,
    "sentKBytesPerSec" : 7.042750277275875
  },
  "Get Feeds Page" : {
    "transaction" : "Get Feeds Page",
    "sampleCount" : 5000,
    "errorCount" : 0,
    "errorPct" : 0.0,
    "meanResTime" : 1395.0318000000025,
    "medianResTime" : 692.0,
    "minResTime" : 15.0,
    "maxResTime" : 38321.0,
    "pct1ResTime" : 2695.4000000000087,
    "pct2ResTime" : 4547.0,
    "pct3ResTime" : 5033.869999999997,
    "throughput" : 26.106661375716627,
    "receivedKBytesPerSec" : 723.389072143148,
    "sentKBytesPerSec" : 8.311300398909786
  }
}