{
  "Get Heros Page" : {
    "transaction" : "Get Heros Page",
    "sampleCount" : 1000,
    "errorCount" : 0,
    "errorPct" : 0.0,
    "meanResTime" : 767.2490000000003,
    "medianResTime" : 346.0,
    "minResTime" : 16.0,
    "maxResTime" : 28499.0,
    "pct1ResTime" : 915.8999999999997,
    "pct2ResTime" : 1131.5499999999993,
    "pct3ResTime" : 27318.23,
    "throughput" : 9.512394650229249,
    "receivedKBytesPerSec" : 268.418597088256,
    "sentKBytesPerSec" : 3.028360015600327
  },
  "Get Feeds" : {
    "transaction" : "Get Feeds",
    "sampleCount" : 1000,
    "errorCount" : 0,
    "errorPct" : 0.0,
    "meanResTime" : 452.6050000000003,
    "medianResTime" : 365.0,
    "minResTime" : 17.0,
    "maxResTime" : 28207.0,
    "pct1ResTime" : 914.5999999999999,
    "pct2ResTime" : 1086.7499999999995,
    "pct3ResTime" : 1314.95,
    "throughput" : 9.407249226253752,
    "receivedKBytesPerSec" : 264.9739154617548,
    "sentKBytesPerSec" : 2.930578616381784
  },
  "Get Channels Page" : {
    "transaction" : "Get Channels Page",
    "sampleCount" : 1000,
    "errorCount" : 0,
    "errorPct" : 0.0,
    "meanResTime" : 588.6059999999997,
    "medianResTime" : 294.5,
    "minResTime" : 6.0,
    "maxResTime" : 28450.0,
    "pct1ResTime" : 859.0,
    "pct2ResTime" : 1088.85,
    "pct3ResTime" : 1368.88,
    "throughput" : 9.49911183304361,
    "receivedKBytesPerSec" : 17.792281734157857,
    "sentKBytesPerSec" : 3.0519607354212384
  },
  "Total" : {
    "transaction" : "Total",
    "sampleCount" : 7000,
    "errorCount" : 0,
    "errorPct" : 0.0,
    "meanResTime" : 1050.8331428571428,
    "medianResTime" : 495.5,
    "minResTime" : 6.0,
    "maxResTime" : 31375.0,
    "pct1ResTime" : 1794.800000000001,
    "pct2ResTime" : 2558.699999999999,
    "pct3ResTime" : 27224.0,
    "throughput" : 65.5749990632143,
    "receivedKBytesPerSec" : 1899.6257541124892,
    "sentKBytesPerSec" : 20.217738271443025
  },
  "Get Channels" : {
    "transaction" : "Get Channels",
    "sampleCount" : 1000,
    "errorCount" : 0,
    "errorPct" : 0.0,
    "meanResTime" : 2115.7430000000036,
    "medianResTime" : 1221.0,
    "minResTime" : 87.0,
    "maxResTime" : 31375.0,
    "pct1ResTime" : 3190.6,
    "pct2ResTime" : 3933.199999999999,
    "pct3ResTime" : 30010.88,
    "throughput" : 9.43529744775204,
    "receivedKBytesPerSec" : 544.0407251026089,
    "sentKBytesPerSec" : 2.930102137094872
  },
  "Get Heros" : {
    "transaction" : "Get Heros",
    "sampleCount" : 1000,
    "errorCount" : 0,
    "errorPct" : 0.0,
    "meanResTime" : 1983.3299999999988,
    "medianResTime" : 1167.0,
    "minResTime" : 56.0,
    "maxResTime" : 31335.0,
    "pct1ResTime" : 3266.9,
    "pct2ResTime" : 3902.7999999999997,
    "pct3ResTime" : 29780.230000000003,
    "throughput" : 9.463602982927661,
    "receivedKBytesPerSec" : 543.5656963319075,
    "sentKBytesPerSec" : 2.911166933224817
  },
  "login" : {
    "transaction" : "login",
    "sampleCount" : 1000,
    "errorCount" : 0,
    "errorPct" : 0.0,
    "meanResTime" : 821.7510000000015,
    "medianResTime" : 574.0,
    "minResTime" : 14.0,
    "maxResTime" : 28887.0,
    "pct1ResTime" : 1331.4999999999995,
    "pct2ResTime" : 1621.199999999999,
    "pct3ResTime" : 1984.8600000000001,
    "throughput" : 9.39602360281129,
    "receivedKBytesPerSec" : 11.350469918630436,
    "sentKBytesPerSec" : 2.541697790994851
  },
  "Get Feeds Page" : {
    "transaction" : "Get Feeds Page",
    "sampleCount" : 1000,
    "errorCount" : 0,
    "errorPct" : 0.0,
    "meanResTime" : 626.5480000000002,
    "medianResTime" : 385.5,
    "minResTime" : 15.0,
    "maxResTime" : 28251.0,
    "pct1ResTime" : 981.3999999999999,
    "pct2ResTime" : 1115.9499999999998,
    "pct3ResTime" : 1357.8700000000001,
    "throughput" : 9.520454696916325,
    "receivedKBytesPerSec" : 268.6460336595676,
    "sentKBytesPerSec" : 3.0309260070260953
  }
}