{
  "Get Heros Page" : {
    "transaction" : "Get Heros Page",
    "sampleCount" : 1000,
    "errorCount" : 0,
    "errorPct" : 0.0,
    "meanResTime" : 308.10800000000035,
    "medianResTime" : 189.0,
    "minResTime" : 16.0,
    "maxResTime" : 1217.0,
    "pct1ResTime" : 845.3999999999999,
    "pct2ResTime" : 1024.0,
    "pct3ResTime" : 1155.95,
    "throughput" : 16.5174589541145,
    "receivedKBytesPerSec" : 457.3110144610353,
    "sentKBytesPerSec" : 5.258487909220046
  },
  "Get Feeds" : {
    "transaction" : "Get Feeds",
    "sampleCount" : 1000,
    "errorCount" : 0,
    "errorPct" : 0.0,
    "meanResTime" : 305.8159999999995,
    "medianResTime" : 172.5,
    "minResTime" : 16.0,
    "maxResTime" : 1245.0,
    "pct1ResTime" : 853.6999999999997,
    "pct2ResTime" : 1043.8999999999999,
    "pct3ResTime" : 1171.96,
    "throughput" : 16.44790947070627,
    "receivedKBytesPerSec" : 454.51806083259316,
    "sentKBytesPerSec" : 5.123909298003223
  },
  "Get Channels Page" : {
    "transaction" : "Get Channels Page",
    "sampleCount" : 1000,
    "errorCount" : 0,
    "errorPct" : 0.0,
    "meanResTime" : 264.5529999999998,
    "medianResTime" : 125.0,
    "minResTime" : 7.0,
    "maxResTime" : 1251.0,
    "pct1ResTime" : 874.8,
    "pct2ResTime" : 1009.8999999999999,
    "pct3ResTime" : 1129.96,
    "throughput" : 16.509005662588944,
    "receivedKBytesPerSec" : 30.922141465669522,
    "sentKBytesPerSec" : 5.304162952140392
  },
  "Total" : {
    "transaction" : "Total",
    "sampleCount" : 7000,
    "errorCount" : 0,
    "errorPct" : 0.0,
    "meanResTime" : 472.2455714285723,
    "medianResTime" : 244.0,
    "minResTime" : 7.0,
    "maxResTime" : 3318.0,
    "pct1ResTime" : 1110.800000000001,
    "pct2ResTime" : 1675.6499999999987,
    "pct3ResTime" : 2992.9699999999993,
    "throughput" : 113.57736240913812,
    "receivedKBytesPerSec" : 1469.090225045431,
    "sentKBytesPerSec" : 35.01757406866563
  },
  "Get Channels" : {
    "transaction" : "Get Channels",
    "sampleCount" : 1000,
    "errorCount" : 0,
    "errorPct" : 0.0,
    "meanResTime" : 853.8860000000003,
    "medianResTime" : 458.5,
    "minResTime" : 44.0,
    "maxResTime" : 3318.0,
    "pct1ResTime" : 2680.499999999999,
    "pct2ResTime" : 2986.8999999999996,
    "pct3ResTime" : 3210.0,
    "throughput" : 16.45169781521453,
    "receivedKBytesPerSec" : 38.4783361986707,
    "sentKBytesPerSec" : 5.1090233449591995
  },
  "Get Heros" : {
    "transaction" : "Get Heros",
    "sampleCount" : 1000,
    "errorCount" : 0,
    "errorPct" : 0.0,
    "meanResTime" : 748.2279999999992,
    "medianResTime" : 372.0,
    "minResTime" : 36.0,
    "maxResTime" : 3312.0,
    "pct1ResTime" : 2271.4999999999995,
    "pct2ResTime" : 2888.7999999999997,
    "pct3ResTime" : 3173.91,
    "throughput" : 16.495389538623954,
    "receivedKBytesPerSec" : 34.90772375995909,
    "sentKBytesPerSec" : 5.074265336588423
  },
  "login" : {
    "transaction" : "login",
    "sampleCount" : 1000,
    "errorCount" : 0,
    "errorPct" : 0.0,
    "meanResTime" : 508.3359999999998,
    "medianResTime" : 324.5,
    "minResTime" : 14.0,
    "maxResTime" : 1833.0,
    "pct1ResTime" : 1429.3999999999999,
    "pct2ResTime" : 1579.9499999999998,
    "pct3ResTime" : 1747.94,
    "throughput" : 16.26730434499699,
    "receivedKBytesPerSec" : 19.65103073707156,
    "sentKBytesPerSec" : 4.400432913636881
  },
  "Get Feeds Page" : {
    "transaction" : "Get Feeds Page",
    "sampleCount" : 1000,
    "errorCount" : 0,
    "errorPct" : 0.0,
    "meanResTime" : 316.7919999999993,
    "medianResTime" : 194.0,
    "minResTime" : 15.0,
    "maxResTime" : 1248.0,
    "pct1ResTime" : 860.3999999999999,
    "pct2ResTime" : 1028.9499999999998,
    "pct3ResTime" : 1156.97,
    "throughput" : 16.531931425548446,
    "receivedKBytesPerSec" : 457.7117068805899,
    "sentKBytesPerSec" : 5.263095356180463
  }
}