{
  "Get Heros Page" : {
    "transaction" : "Get Heros Page",
    "sampleCount" : 500,
    "errorCount" : 0,
    "errorPct" : 0.0,
    "meanResTime" : 3321.8420000000024,
    "medianResTime" : 2461.5,
    "minResTime" : 109.0,
    "maxResTime" : 12740.0,
    "pct1ResTime" : 6889.4000000000015,
    "pct2ResTime" : 7632.7,
    "pct3ResTime" : 8977.29,
    "throughput" : 1.5564299232991334,
    "receivedKBytesPerSec" : 44.22601706858875,
    "sentKBytesPerSec" : 0.4955040576128101
  },
  "Get Feeds" : {
    "transaction" : "Get Feeds",
    "sampleCount" : 500,
    "errorCount" : 0,
    "errorPct" : 0.0,
    "meanResTime" : 3113.5179999999987,
    "medianResTime" : 2217.5,
    "minResTime" : 65.0,
    "maxResTime" : 11403.0,
    "pct1ResTime" : 6915.800000000001,
    "pct2ResTime" : 7514.75,
    "pct3ResTime" : 8984.110000000006,
    "throughput" : 1.5616313425656978,
    "receivedKBytesPerSec" : 44.29146394739801,
    "sentKBytesPerSec" : 0.48648476394380624
  },
  "Play Channel Video - video segment" : {
    "transaction" : "Play Channel Video - video segment",
    "sampleCount" : 500,
    "errorCount" : 0,
    "errorPct" : 0.0,
    "meanResTime" : 185.23,
    "medianResTime" : 162.0,
    "minResTime" : 96.0,
    "maxResTime" : 831.0,
    "pct1ResTime" : 225.90000000000003,
    "pct2ResTime" : 338.39999999999964,
    "pct3ResTime" : 700.8600000000001,
    "throughput" : 1.5564444582795063,
    "receivedKBytesPerSec" : 81650.23574053681,
    "sentKBytesPerSec" : 0.3191927111706019
  },
  "Get Channels Page" : {
    "transaction" : "Get Channels Page",
    "sampleCount" : 500,
    "errorCount" : 0,
    "errorPct" : 0.0,
    "meanResTime" : 2069.394000000002,
    "medianResTime" : 1260.0,
    "minResTime" : 16.0,
    "maxResTime" : 9507.0,
    "pct1ResTime" : 5550.800000000001,
    "pct2ResTime" : 6253.499999999999,
    "pct3ResTime" : 7890.880000000004,
    "throughput" : 1.5568660908337952,
    "receivedKBytesPerSec" : 5.5159279077587975,
    "sentKBytesPerSec" : 0.5002040467620299
  },
  "Play Channel Video - master" : {
    "transaction" : "Play Channel Video - master",
    "sampleCount" : 500,
    "errorCount" : 0,
    "errorPct" : 0.0,
    "meanResTime" : 9.804000000000004,
    "medianResTime" : 9.0,
    "minResTime" : 1.0,
    "maxResTime" : 84.0,
    "pct1ResTime" : 15.0,
    "pct2ResTime" : 16.0,
    "pct3ResTime" : 23.960000000000036,
    "throughput" : 1.5571909520976919,
    "receivedKBytesPerSec" : 4.606183001859286,
    "sentKBytesPerSec" : 0.342156215060528
  },
  "Total" : {
    "transaction" : "Total",
    "sampleCount" : 5000,
    "errorCount" : 1,
    "errorPct" : 0.02,
    "meanResTime" : 2894.137200000002,
    "medianResTime" : 1562.5,
    "minResTime" : 1.0,
    "maxResTime" : 18169.0,
    "pct1ResTime" : 7749.300000000004,
    "pct2ResTime" : 9834.049999999996,
    "pct3ResTime" : 13473.879999999997,
    "throughput" : 15.469004755172062,
    "receivedKBytesPerSec" : 99396.07247045034,
    "sentKBytesPerSec" : 4.312891462501586
  },
  "Get Channels" : {
    "transaction" : "Get Channels",
    "sampleCount" : 500,
    "errorCount" : 0,
    "errorPct" : 0.0,
    "meanResTime" : 8464.655999999995,
    "medianResTime" : 7378.5,
    "minResTime" : 400.0,
    "maxResTime" : 18169.0,
    "pct1ResTime" : 13472.800000000001,
    "pct2ResTime" : 14474.55,
    "pct3ResTime" : 16089.61,
    "throughput" : 1.5546586902311468,
    "receivedKBytesPerSec" : 124.16318066844106,
    "sentKBytesPerSec" : 0.48279439794287565
  },
  "Get Heros" : {
    "transaction" : "Get Heros",
    "sampleCount" : 500,
    "errorCount" : 0,
    "errorPct" : 0.0,
    "meanResTime" : 5355.086000000005,
    "medianResTime" : 4359.0,
    "minResTime" : 468.0,
    "maxResTime" : 12824.0,
    "pct1ResTime" : 10403.0,
    "pct2ResTime" : 11154.499999999998,
    "pct3ResTime" : 12302.58,
    "throughput" : 1.554064344480119,
    "receivedKBytesPerSec" : 72.61912000329461,
    "sentKBytesPerSec" : 0.4780569028430053
  },
  "Play Channel Video - audio segment" : {
    "transaction" : "Play Channel Video - audio segment",
    "sampleCount" : 500,
    "errorCount" : 0,
    "errorPct" : 0.0,
    "meanResTime" : 44.22800000000002,
    "medianResTime" : 36.0,
    "minResTime" : 21.0,
    "maxResTime" : 335.0,
    "pct1ResTime" : 53.900000000000034,
    "pct2ResTime" : 113.74999999999994,
    "pct3ResTime" : 233.84000000000015,
    "throughput" : 1.5570503238664675,
    "receivedKBytesPerSec" : 18024.55444031826,
    "sentKBytesPerSec" : 0.3193169609491779
  },
  "login" : {
    "transaction" : "login",
    "sampleCount" : 500,
    "errorCount" : 0,
    "errorPct" : 0.0,
    "meanResTime" : 3205.6719999999996,
    "medianResTime" : 2104.5,
    "minResTime" : 32.0,
    "maxResTime" : 12776.0,
    "pct1ResTime" : 8372.900000000001,
    "pct2ResTime" : 9642.449999999999,
    "pct3ResTime" : 10830.28,
    "throughput" : 1.561870371006688,
    "receivedKBytesPerSec" : 1.8867516102883524,
    "sentKBytesPerSec" : 0.42249813746958254
  },
  "Get Feeds Page" : {
    "transaction" : "Get Feeds Page",
    "sampleCount" : 500,
    "errorCount" : 1,
    "errorPct" : 0.2,
    "meanResTime" : 3171.9420000000023,
    "medianResTime" : 2191.5,
    "minResTime" : 3.0,
    "maxResTime" : 11336.0,
    "pct1ResTime" : 6930.500000000003,
    "pct2ResTime" : 8174.449999999999,
    "pct3ResTime" : 9077.960000000003,
    "throughput" : 1.5569000252217804,
    "receivedKBytesPerSec" : 44.15173859025816,
    "sentKBytesPerSec" : 0.4956537189670902
  }
}