{
  "Get Heros Page" : {
    "transaction" : "Get Heros Page",
    "sampleCount" : 5000,
    "errorCount" : 0,
    "errorPct" : 0.0,
    "meanResTime" : 2671.346199999997,
    "medianResTime" : 2342.0,
    "minResTime" : 17.0,
    "maxResTime" : 16217.0,
    "pct1ResTime" : 3641.0,
    "pct2ResTime" : 7901.95,
    "pct3ResTime" : 13277.459999999988,
    "throughput" : 19.43068104537064,
    "receivedKBytesPerSec" : 514.0591603516954,
    "sentKBytesPerSec" : 6.185939473428544
  },
  "Get Feeds" : {
    "transaction" : "Get Feeds",
    "sampleCount" : 5000,
    "errorCount" : 1,
    "errorPct" : 0.02,
    "meanResTime" : 2610.2568000000088,
    "medianResTime" : 2347.0,
    "minResTime" : 15.0,
    "maxResTime" : 15785.0,
    "pct1ResTime" : 3615.9000000000005,
    "pct2ResTime" : 7415.549999999995,
    "pct3ResTime" : 13508.239999999983,
    "throughput" : 19.399093674343536,
    "receivedKBytesPerSec" : 512.0990934803525,
    "sentKBytesPerSec" : 6.0432723458160025
  },
  "Get Channels Page" : {
    "transaction" : "Get Channels Page",
    "sampleCount" : 5000,
    "errorCount" : 0,
    "errorPct" : 0.0,
    "meanResTime" : 2495.825000000009,
    "medianResTime" : 2281.0,
    "minResTime" : 8.0,
    "maxResTime" : 16205.0,
    "pct1ResTime" : 3485.9000000000005,
    "pct2ResTime" : 4183.349999999998,
    "pct3ResTime" : 12326.829999999996,
    "throughput" : 19.430907578831192,
    "receivedKBytesPerSec" : 35.066716021171914,
    "sentKBytesPerSec" : 6.242938079526819
  },
  "Total" : {
    "transaction" : "Total",
    "sampleCount" : 39999,
    "errorCount" : 5001,
    "errorPct" : 12.502812,
    "meanResTime" : 2806.329508237745,
    "medianResTime" : 2538.0,
    "minResTime" : 2.0,
    "maxResTime" : 17695.0,
    "pct1ResTime" : 4522.800000000003,
    "pct2ResTime" : 5407.950000000001,
    "pct3ResTime" : 10179.980000000003,
    "throughput" : 155.01806005549784,
    "receivedKBytesPerSec" : 1721.8511729468312,
    "sentKBytesPerSec" : 44.86718964971824
  },
  "Get Channels" : {
    "transaction" : "Get Channels",
    "sampleCount" : 5000,
    "errorCount" : 0,
    "errorPct" : 0.0,
    "meanResTime" : 4001.3306000000016,
    "medianResTime" : 3681.0,
    "minResTime" : 40.0,
    "maxResTime" : 16799.0,
    "pct1ResTime" : 5605.500000000003,
    "pct2ResTime" : 10075.0,
    "pct3ResTime" : 14052.97,
    "throughput" : 19.414082975790638,
    "receivedKBytesPerSec" : 59.626260702013234,
    "sentKBytesPerSec" : 6.028982799122483
  },
  "Get Heros" : {
    "transaction" : "Get Heros",
    "sampleCount" : 5000,
    "errorCount" : 1,
    "errorPct" : 0.02,
    "meanResTime" : 3763.6238000000008,
    "medianResTime" : 3608.5,
    "minResTime" : 15.0,
    "maxResTime" : 17405.0,
    "pct1ResTime" : 5348.800000000001,
    "pct2ResTime" : 9377.949999999993,
    "pct3ResTime" : 13835.929999999998,
    "throughput" : 19.42456663791831,
    "receivedKBytesPerSec" : 55.323442101194225,
    "sentKBytesPerSec" : 5.975330557562761
  },
  "Play Feed Video - master" : {
    "transaction" : "Play Feed Video - master",
    "sampleCount" : 4999,
    "errorCount" : 4999,
    "errorPct" : 100.0,
    "meanResTime" : 81.81216243248657,
    "medianResTime" : 44.0,
    "minResTime" : 2.0,
    "maxResTime" : 13074.0,
    "pct1ResTime" : 130.0,
    "pct2ResTime" : 138.0,
    "pct3ResTime" : 230.0,
    "throughput" : 19.399805186993323,
    "receivedKBytesPerSec" : 11.930515461342036,
    "sentKBytesPerSec" : 3.05016468272063
  },
  "login" : {
    "transaction" : "login",
    "sampleCount" : 5000,
    "errorCount" : 0,
    "errorPct" : 0.0,
    "meanResTime" : 4150.033999999997,
    "medianResTime" : 3854.5,
    "minResTime" : 32.0,
    "maxResTime" : 17695.0,
    "pct1ResTime" : 5814.800000000012,
    "pct2ResTime" : 10351.849999999995,
    "pct3ResTime" : 14000.819999999996,
    "throughput" : 19.39472928836859,
    "receivedKBytesPerSec" : 23.428984501671824,
    "sentKBytesPerSec" : 5.246425793826269
  },
  "Get Feeds Page" : {
    "transaction" : "Get Feeds Page",
    "sampleCount" : 5000,
    "errorCount" : 0,
    "errorPct" : 0.0,
    "meanResTime" : 2675.862600000015,
    "medianResTime" : 2419.5,
    "minResTime" : 15.0,
    "maxResTime" : 16164.0,
    "pct1ResTime" : 3654.600000000002,
    "pct2ResTime" : 7538.249999999997,
    "pct3ResTime" : 13207.939999999999,
    "throughput" : 19.43559045323797,
    "receivedKBytesPerSec" : 514.1890439147166,
    "sentKBytesPerSec" : 6.187502429448807
  }
}