{
  "Get Heros Page" : {
    "transaction" : "Get Heros Page",
    "sampleCount" : 1000,
    "errorCount" : 0,
    "errorPct" : 0.0,
    "meanResTime" : 213.702,
    "medianResTime" : 188.0,
    "minResTime" : 14.0,
    "maxResTime" : 739.0,
    "pct1ResTime" : 402.79999999999995,
    "pct2ResTime" : 464.89999999999986,
    "pct3ResTime" : 575.9300000000001,
    "throughput" : 21.89237707430273,
    "receivedKBytesPerSec" : 579.1859251171243,
    "sentKBytesPerSec" : 6.969643482639345
  },
  "Get Feeds" : {
    "transaction" : "Get Feeds",
    "sampleCount" : 1000,
    "errorCount" : 0,
    "errorPct" : 0.0,
    "meanResTime" : 214.47000000000003,
    "medianResTime" : 192.0,
    "minResTime" : 14.0,
    "maxResTime" : 768.0,
    "pct1ResTime" : 405.0,
    "pct2ResTime" : 474.8499999999998,
    "pct3ResTime" : 582.98,
    "throughput" : 21.651582730697612,
    "receivedKBytesPerSec" : 571.6736741112026,
    "sentKBytesPerSec" : 6.744975479582558
  },
  "Get Channels Page" : {
    "transaction" : "Get Channels Page",
    "sampleCount" : 1000,
    "errorCount" : 0,
    "errorPct" : 0.0,
    "meanResTime" : 112.27699999999996,
    "medianResTime" : 76.0,
    "minResTime" : 5.0,
    "maxResTime" : 569.0,
    "pct1ResTime" : 255.0,
    "pct2ResTime" : 316.94999999999993,
    "pct3ResTime" : 458.99,
    "throughput" : 21.86987424822307,
    "receivedKBytesPerSec" : 39.468288682340074,
    "sentKBytesPerSec" : 7.026551394204483
  },
  "Total" : {
    "transaction" : "Total",
    "sampleCount" : 8000,
    "errorCount" : 1000,
    "errorPct" : 12.5,
    "meanResTime" : 218.16075000000032,
    "medianResTime" : 175.0,
    "minResTime" : 2.0,
    "maxResTime" : 1150.0,
    "pct1ResTime" : 462.0,
    "pct2ResTime" : 557.0,
    "pct3ResTime" : 758.0,
    "throughput" : 172.44352474564582,
    "receivedKBytesPerSec" : 1915.5101667582771,
    "sentKBytesPerSec" : 49.910107076651144
  },
  "Get Channels" : {
    "transaction" : "Get Channels",
    "sampleCount" : 1000,
    "errorCount" : 0,
    "errorPct" : 0.0,
    "meanResTime" : 269.0589999999997,
    "medianResTime" : 234.5,
    "minResTime" : 35.0,
    "maxResTime" : 931.0,
    "pct1ResTime" : 490.5999999999999,
    "pct2ResTime" : 583.7999999999997,
    "pct3ResTime" : 728.9300000000001,
    "throughput" : 21.714583514288194,
    "receivedKBytesPerSec" : 66.69176284417615,
    "sentKBytesPerSec" : 6.743396052288717
  },
  "Get Heros" : {
    "transaction" : "Get Heros",
    "sampleCount" : 1000,
    "errorCount" : 0,
    "errorPct" : 0.0,
    "meanResTime" : 247.75000000000003,
    "medianResTime" : 210.5,
    "minResTime" : 35.0,
    "maxResTime" : 958.0,
    "pct1ResTime" : 458.39999999999986,
    "pct2ResTime" : 548.8999999999999,
    "pct3ResTime" : 736.9000000000001,
    "throughput" : 21.74953238505372,
    "receivedKBytesPerSec" : 61.956431608595416,
    "sentKBytesPerSec" : 6.690529981730393
  },
  "Play Feed Video - master" : {
    "transaction" : "Play Feed Video - master",
    "sampleCount" : 1000,
    "errorCount" : 1000,
    "errorPct" : 100.0,
    "meanResTime" : 54.543999999999976,
    "medianResTime" : 37.0,
    "minResTime" : 2.0,
    "maxResTime" : 185.0,
    "pct1ResTime" : 122.0,
    "pct2ResTime" : 129.0,
    "pct3ResTime" : 140.0,
    "throughput" : 21.661431820643344,
    "receivedKBytesPerSec" : 13.349957354056103,
    "sentKBytesPerSec" : 3.4057524639878696
  },
  "login" : {
    "transaction" : "login",
    "sampleCount" : 1000,
    "errorCount" : 0,
    "errorPct" : 0.0,
    "meanResTime" : 426.2640000000003,
    "medianResTime" : 433.0,
    "minResTime" : 15.0,
    "maxResTime" : 1150.0,
    "pct1ResTime" : 701.0,
    "pct2ResTime" : 792.9499999999999,
    "pct3ResTime" : 944.8300000000002,
    "throughput" : 21.634719397689413,
    "receivedKBytesPerSec" : 26.134910053654103,
    "sentKBytesPerSec" : 5.85236061832028
  },
  "Get Feeds Page" : {
    "transaction" : "Get Feeds Page",
    "sampleCount" : 1000,
    "errorCount" : 0,
    "errorPct" : 0.0,
    "meanResTime" : 207.22,
    "medianResTime" : 188.5,
    "minResTime" : 16.0,
    "maxResTime" : 843.0,
    "pct1ResTime" : 373.0,
    "pct2ResTime" : 434.94999999999993,
    "pct3ResTime" : 584.96,
    "throughput" : 21.901966796618336,
    "receivedKBytesPerSec" : 579.4396313351439,
    "sentKBytesPerSec" : 6.972696460642165
  }
}