{
  "Get Heros Page" : {
    "transaction" : "Get Heros Page",
    "sampleCount" : 1516,
    "errorCount" : 0,
    "errorPct" : 0.0,
    "meanResTime" : 3762.6820580474937,
    "medianResTime" : 2390.0,
    "minResTime" : 110.0,
    "maxResTime" : 35353.0,
    "pct1ResTime" : 4249.299999999999,
    "pct2ResTime" : 20426.899999999994,
    "pct3ResTime" : 32528.249999999993,
    "throughput" : 9.84038582620944,
    "receivedKBytesPerSec" : 272.66709710240883,
    "sentKBytesPerSec" : 3.1327790813908956
  },
  "Get Feeds" : {
    "transaction" : "Get Feeds",
    "sampleCount" : 1863,
    "errorCount" : 0,
    "errorPct" : 0.0,
    "meanResTime" : 3563.3843263553435,
    "medianResTime" : 2307.0,
    "minResTime" : 57.0,
    "maxResTime" : 35428.0,
    "pct1ResTime" : 4130.0,
    "pct2ResTime" : 16910.599999999307,
    "pct3ResTime" : 32894.56,
    "throughput" : 12.058330474630903,
    "receivedKBytesPerSec" : 333.48820218901096,
    "sentKBytesPerSec" : 3.7564525599680256
  },
  "Get Channels Page" : {
    "transaction" : "Get Channels Page",
    "sampleCount" : 1641,
    "errorCount" : 1,
    "errorPct" : 0.06093845,
    "meanResTime" : 3433.829372333945,
    "medianResTime" : 2345.0,
    "minResTime" : 11.0,
    "maxResTime" : 34919.0,
    "pct1ResTime" : 4271.2,
    "pct2ResTime" : 4624.699999999994,
    "pct3ResTime" : 32439.319999999992,
    "throughput" : 10.6649162599354,
    "receivedKBytesPerSec" : 19.965473115523594,
    "sentKBytesPerSec" : 3.426520946795651
  },
  "Total" : {
    "transaction" : "Total",
    "sampleCount" : 11953,
    "errorCount" : 1,
    "errorPct" : 0.0083661005,
    "meanResTime" : 5850.2646197607255,
    "medianResTime" : 3306.0,
    "minResTime" : 11.0,
    "maxResTime" : 42705.0,
    "pct1ResTime" : 11789.0,
    "pct2ResTime" : 24618.899999999947,
    "pct3ResTime" : 35851.0,
    "throughput" : 76.04511938313941,
    "receivedKBytesPerSec" : 938.1281181310161,
    "sentKBytesPerSec" : 23.367176167667623
  },
  "Get Channels" : {
    "transaction" : "Get Channels",
    "sampleCount" : 1794,
    "errorCount" : 0,
    "errorPct" : 0.0,
    "meanResTime" : 10457.70011148272,
    "medianResTime" : 7610.0,
    "minResTime" : 176.0,
    "maxResTime" : 42705.0,
    "pct1ResTime" : 25404.0,
    "pct2ResTime" : 34797.75,
    "pct3ResTime" : 40240.0,
    "throughput" : 11.430828830665716,
    "receivedKBytesPerSec" : 26.746353396752983,
    "sentKBytesPerSec" : 3.5498081720231425
  },
  "Get Heros" : {
    "transaction" : "Get Heros",
    "sampleCount" : 1759,
    "errorCount" : 0,
    "errorPct" : 0.0,
    "meanResTime" : 9765.73166571914,
    "medianResTime" : 7260.0,
    "minResTime" : 122.0,
    "maxResTime" : 42031.0,
    "pct1ResTime" : 23471.0,
    "pct2ResTime" : 31948.0,
    "pct3ResTime" : 39180.00000000003,
    "throughput" : 11.22476979330853,
    "receivedKBytesPerSec" : 23.764942296770407,
    "sentKBytesPerSec" : 3.4529321141525267
  },
  "login" : {
    "transaction" : "login",
    "sampleCount" : 1914,
    "errorCount" : 0,
    "errorPct" : 0.0,
    "meanResTime" : 5394.495820271681,
    "medianResTime" : 3623.5,
    "minResTime" : 26.0,
    "maxResTime" : 37646.0,
    "pct1ResTime" : 6594.0,
    "pct2ResTime" : 23798.75,
    "pct3ResTime" : 35648.85,
    "throughput" : 12.312719927436008,
    "receivedKBytesPerSec" : 14.873861865467129,
    "sentKBytesPerSec" : 3.330686933495873
  },
  "Get Feeds Page" : {
    "transaction" : "Get Feeds Page",
    "sampleCount" : 1466,
    "errorCount" : 0,
    "errorPct" : 0.0,
    "meanResTime" : 3878.8451568895,
    "medianResTime" : 2525.5,
    "minResTime" : 130.0,
    "maxResTime" : 35072.0,
    "pct1ResTime" : 4330.5999999999985,
    "pct2ResTime" : 20457.749999999996,
    "pct3ResTime" : 32645.149999999994,
    "throughput" : 9.527027905223619,
    "receivedKBytesPerSec" : 263.9842673660303,
    "sentKBytesPerSec" : 3.033018649514551
  }
}