{
  "Get Feeds" : {
    "transaction" : "Get Feeds",
    "sampleCount" : 1000,
    "errorCount" : 0,
    "errorPct" : 0.0,
    "meanResTime" : 6817.245000000006,
    "medianResTime" : 6168.0,
    "minResTime" : 64.0,
    "maxResTime" : 28548.0,
    "pct1ResTime" : 12360.799999999996,
    "pct2ResTime" : 15594.24999999999,
    "pct3ResTime" : 22606.21,
    "throughput" : 1.4767776711216125,
    "receivedKBytesPerSec" : 41.88481826404785,
    "sentKBytesPerSec" : 0.46005085653104927
  },
  "Play Channel Video - master" : {
    "transaction" : "Play Channel Video - master",
    "sampleCount" : 1000,
    "errorCount" : 0,
    "errorPct" : 0.0,
    "meanResTime" : 9.932000000000006,
    "medianResTime" : 9.0,
    "minResTime" : 1.0,
    "maxResTime" : 197.0,
    "pct1ResTime" : 15.0,
    "pct2ResTime" : 17.0,
    "pct3ResTime" : 44.0,
    "throughput" : 1.483527650730118,
    "receivedKBytesPerSec" : 4.388286380919461,
    "sentKBytesPerSec" : 0.3259704310686295
  },
  "Get Channels" : {
    "transaction" : "Get Channels",
    "sampleCount" : 1000,
    "errorCount" : 0,
    "errorPct" : 0.0,
    "meanResTime" : 14520.001999999997,
    "medianResTime" : 13916.0,
    "minResTime" : 1154.0,
    "maxResTime" : 37718.0,
    "pct1ResTime" : 22996.8,
    "pct2ResTime" : 26308.45,
    "pct3ResTime" : 31519.38,
    "throughput" : 1.4766206650108826,
    "receivedKBytesPerSec" : 117.9306554940625,
    "sentKBytesPerSec" : 0.45855993307955145
  },
  "Get Heros" : {
    "transaction" : "Get Heros",
    "sampleCount" : 1000,
    "errorCount" : 0,
    "errorPct" : 0.0,
    "meanResTime" : 11768.592,
    "medianResTime" : 11249.0,
    "minResTime" : 349.0,
    "maxResTime" : 34828.0,
    "pct1ResTime" : 19979.1,
    "pct2ResTime" : 23260.64999999999,
    "pct3ResTime" : 27742.390000000003,
    "throughput" : 1.4828039229060583,
    "receivedKBytesPerSec" : 69.28922628032704,
    "sentKBytesPerSec" : 0.4561359723783285
  },
  "Play Feed Video - master" : {
    "transaction" : "Play Feed Video - master",
    "sampleCount" : 1000,
    "errorCount" : 0,
    "errorPct" : 0.0,
    "meanResTime" : 10.353000000000009,
    "medianResTime" : 9.0,
    "minResTime" : 1.0,
    "maxResTime" : 249.0,
    "pct1ResTime" : 15.0,
    "pct2ResTime" : 17.0,
    "pct3ResTime" : 41.99000000000001,
    "throughput" : 1.477377654662973,
    "receivedKBytesPerSec" : 4.382699965373961,
    "sentKBytesPerSec" : 0.3347183748845799
  },
  "login" : {
    "transaction" : "login",
    "sampleCount" : 1000,
    "errorCount" : 0,
    "errorPct" : 0.0,
    "meanResTime" : 8902.267999999987,
    "medianResTime" : 8396.0,
    "minResTime" : 24.0,
    "maxResTime" : 32089.0,
    "pct1ResTime" : 17806.199999999997,
    "pct2ResTime" : 20924.299999999996,
    "pct3ResTime" : 26516.950000000004,
    "throughput" : 1.4786381151504218,
    "receivedKBytesPerSec" : 1.7862063949619842,
    "sentKBytesPerSec" : 0.39998316200846373
  },
  "Get Feeds Page" : {
    "transaction" : "Get Feeds Page",
    "sampleCount" : 1000,
    "errorCount" : 0,
    "errorPct" : 0.0,
    "meanResTime" : 7119.134000000006,
    "medianResTime" : 6393.5,
    "minResTime" : 63.0,
    "maxResTime" : 28623.0,
    "pct1ResTime" : 13192.9,
    "pct2ResTime" : 16538.999999999996,
    "pct3ResTime" : 25692.690000000006,
    "throughput" : 1.4911996850586264,
    "receivedKBytesPerSec" : 42.37249730092857,
    "sentKBytesPerSec" : 0.4747373997354612
  },
  "Play Feed Video - video segment" : {
    "transaction" : "Play Feed Video - video segment",
    "sampleCount" : 1000,
    "errorCount" : 0,
    "errorPct" : 0.0,
    "meanResTime" : 58.583,
    "medianResTime" : 24.0,
    "minResTime" : 13.0,
    "maxResTime" : 17529.0,
    "pct1ResTime" : 60.0,
    "pct2ResTime" : 166.94999999999993,
    "pct3ResTime" : 282.93000000000006,
    "throughput" : 1.4777247767157862,
    "receivedKBytesPerSec" : 10789.445451510031,
    "sentKBytesPerSec" : 0.31315066069074765
  },
  "Play Feed Video - audio segment" : {
    "transaction" : "Play Feed Video - audio segment",
    "sampleCount" : 1000,
    "errorCount" : 0,
    "errorPct" : 0.0,
    "meanResTime" : 28.78999999999998,
    "medianResTime" : 6.0,
    "minResTime" : 3.0,
    "maxResTime" : 18801.0,
    "pct1ResTime" : 12.0,
    "pct2ResTime" : 27.0,
    "pct3ResTime" : 94.98000000000002,
    "throughput" : 1.478749628464156,
    "receivedKBytesPerSec" : 2417.0693308644068,
    "sentKBytesPerSec" : 0.31336784118820493
  },
  "Get Heros Page" : {
    "transaction" : "Get Heros Page",
    "sampleCount" : 1000,
    "errorCount" : 0,
    "errorPct" : 0.0,
    "meanResTime" : 7475.690000000009,
    "medianResTime" : 6643.0,
    "minResTime" : 66.0,
    "maxResTime" : 31559.0,
    "pct1ResTime" : 13670.4,
    "pct2ResTime" : 17192.5,
    "pct3ResTime" : 26735.04,
    "throughput" : 1.4879601702821619,
    "receivedKBytesPerSec" : 42.28044636201178,
    "sentKBytesPerSec" : 0.4737060698359226
  },
  "Play Channel Video - video segment" : {
    "transaction" : "Play Channel Video - video segment",
    "sampleCount" : 1000,
    "errorCount" : 0,
    "errorPct" : 0.0,
    "meanResTime" : 268.79199999999963,
    "medianResTime" : 163.0,
    "minResTime" : 94.0,
    "maxResTime" : 9163.0,
    "pct1ResTime" : 525.8,
    "pct2ResTime" : 899.1999999999975,
    "pct3ResTime" : 1706.99,
    "throughput" : 1.483168998208332,
    "receivedKBytesPerSec" : 77806.24467681377,
    "sentKBytesPerSec" : 0.30416551721069307
  },
  "Get Channels Page" : {
    "transaction" : "Get Channels Page",
    "sampleCount" : 1000,
    "errorCount" : 0,
    "errorPct" : 0.0,
    "meanResTime" : 5790.574999999997,
    "medianResTime" : 5175.0,
    "minResTime" : 7.0,
    "maxResTime" : 31077.0,
    "pct1ResTime" : 11650.099999999995,
    "pct2ResTime" : 14342.049999999988,
    "pct3ResTime" : 21874.84,
    "throughput" : 1.4880642367569723,
    "receivedKBytesPerSec" : 5.272165088822554,
    "sentKBytesPerSec" : 0.47809876356742564
  },
  "Total" : {
    "transaction" : "Total",
    "sampleCount" : 13000,
    "errorCount" : 0,
    "errorPct" : 0.0,
    "meanResTime" : 4836.286384615379,
    "medianResTime" : 1498.0,
    "minResTime" : 1.0,
    "maxResTime" : 37718.0,
    "pct1ResTime" : 13692.699999999992,
    "pct2ResTime" : 17528.249999999985,
    "pct3ResTime" : 25887.98,
    "throughput" : 19.13723458127731,
    "receivedKBytesPerSec" : 107748.42738135972,
    "sentKBytesPerSec" : 5.06176404452204
  },
  "Play Channel Video - audio segment" : {
    "transaction" : "Play Channel Video - audio segment",
    "sampleCount" : 1000,
    "errorCount" : 0,
    "errorPct" : 0.0,
    "meanResTime" : 101.76699999999988,
    "medianResTime" : 35.0,
    "minResTime" : 21.0,
    "maxResTime" : 25656.0,
    "pct1ResTime" : 75.0,
    "pct2ResTime" : 148.94999999999993,
    "pct3ResTime" : 282.97,
    "throughput" : 1.4834880364107303,
    "receivedKBytesPerSec" : 17172.990791618886,
    "sentKBytesPerSec" : 0.30423094496704434
  }
}