{
  "Get Heros Page" : {
    "transaction" : "Get Heros Page",
    "sampleCount" : 5000,
    "errorCount" : 0,
    "errorPct" : 0.0,
    "meanResTime" : 3033.8650000000075,
    "medianResTime" : 1943.5,
    "minResTime" : 14.0,
    "maxResTime" : 40755.0,
    "pct1ResTime" : 4705.700000000002,
    "pct2ResTime" : 6924.599999999995,
    "pct3ResTime" : 26706.719999999972,
    "throughput" : 12.439296234376243,
    "receivedKBytesPerSec" : 344.40086673906336,
    "sentKBytesPerSec" : 3.9601665746158745
  },
  "Get Feeds" : {
    "transaction" : "Get Feeds",
    "sampleCount" : 5000,
    "errorCount" : 0,
    "errorPct" : 0.0,
    "meanResTime" : 2914.5547999999985,
    "medianResTime" : 1988.5,
    "minResTime" : 14.0,
    "maxResTime" : 40577.0,
    "pct1ResTime" : 4522.600000000002,
    "pct2ResTime" : 6536.549999999998,
    "pct3ResTime" : 27007.839999999997,
    "throughput" : 12.419459803176402,
    "receivedKBytesPerSec" : 343.1967324711744,
    "sentKBytesPerSec" : 3.868952809778586
  },
  "Get Channels Page" : {
    "transaction" : "Get Channels Page",
    "sampleCount" : 5000,
    "errorCount" : 0,
    "errorPct" : 0.0,
    "meanResTime" : 3037.9364000000014,
    "medianResTime" : 1881.5,
    "minResTime" : 5.0,
    "maxResTime" : 40786.0,
    "pct1ResTime" : 4892.800000000001,
    "pct2ResTime" : 6750.249999999997,
    "pct3ResTime" : 27072.479999999967,
    "throughput" : 12.437625309074988,
    "receivedKBytesPerSec" : 23.29625521758382,
    "sentKBytesPerSec" : 3.996072975278976
  },
  "Total" : {
    "transaction" : "Total",
    "sampleCount" : 35000,
    "errorCount" : 0,
    "errorPct" : 0.0,
    "meanResTime" : 4899.674714285704,
    "medianResTime" : 2826.0,
    "minResTime" : 5.0,
    "maxResTime" : 54342.0,
    "pct1ResTime" : 10147.700000000004,
    "pct2ResTime" : 21558.9,
    "pct3ResTime" : 28693.94000000001,
    "throughput" : 86.82601307351682,
    "receivedKBytesPerSec" : 1123.0692840575036,
    "sentKBytesPerSec" : 26.76973896379355
  },
  "Get Channels" : {
    "transaction" : "Get Channels",
    "sampleCount" : 5000,
    "errorCount" : 0,
    "errorPct" : 0.0,
    "meanResTime" : 8821.381799999956,
    "medianResTime" : 6625.5,
    "minResTime" : 42.0,
    "maxResTime" : 54342.0,
    "pct1ResTime" : 19996.000000000007,
    "pct2ResTime" : 27656.649999999972,
    "pct3ResTime" : 47163.37999999999,
    "throughput" : 12.419706596851356,
    "receivedKBytesPerSec" : 29.048044237752926,
    "sentKBytesPerSec" : 3.8569010720690735
  },
  "Get Heros" : {
    "transaction" : "Get Heros",
    "sampleCount" : 5000,
    "errorCount" : 0,
    "errorPct" : 0.0,
    "meanResTime" : 8602.213599999974,
    "medianResTime" : 6155.5,
    "minResTime" : 34.0,
    "maxResTime" : 54204.0,
    "pct1ResTime" : 20003.100000000006,
    "pct2ResTime" : 27859.349999999995,
    "pct3ResTime" : 46467.92999999989,
    "throughput" : 12.42260715740934,
    "receivedKBytesPerSec" : 26.288857138775427,
    "sentKBytesPerSec" : 3.8214074751796305
  },
  "login" : {
    "transaction" : "login",
    "sampleCount" : 5000,
    "errorCount" : 0,
    "errorPct" : 0.0,
    "meanResTime" : 4642.906600000002,
    "medianResTime" : 3110.0,
    "minResTime" : 14.0,
    "maxResTime" : 44504.0,
    "pct1ResTime" : 8373.900000000001,
    "pct2ResTime" : 20072.9,
    "pct3ResTime" : 34103.19999999998,
    "throughput" : 12.417763362134265,
    "receivedKBytesPerSec" : 15.00075515523446,
    "sentKBytesPerSec" : 3.3591020032335854
  },
  "Get Feeds Page" : {
    "transaction" : "Get Feeds Page",
    "sampleCount" : 5000,
    "errorCount" : 0,
    "errorPct" : 0.0,
    "meanResTime" : 3244.8648000000003,
    "medianResTime" : 2057.0,
    "minResTime" : 14.0,
    "maxResTime" : 40793.0,
    "pct1ResTime" : 4897.20000000001,
    "pct2ResTime" : 7089.199999999997,
    "pct3ResTime" : 34558.94999999993,
    "throughput" : 12.447688588705963,
    "receivedKBytesPerSec" : 344.63322185390894,
    "sentKBytesPerSec" : 3.9628383592950627
  }
}