{
  "Get Heros Page" : {
    "transaction" : "Get Heros Page",
    "sampleCount" : 1000,
    "errorCount" : 0,
    "errorPct" : 0.0,
    "meanResTime" : 349.82099999999986,
    "medianResTime" : 237.0,
    "minResTime" : 16.0,
    "maxResTime" : 1258.0,
    "pct1ResTime" : 858.1999999999998,
    "pct2ResTime" : 999.5999999999995,
    "pct3ResTime" : 1166.8400000000001,
    "throughput" : 15.02200724060749,
    "receivedKBytesPerSec" : 416.2445639111298,
    "sentKBytesPerSec" : 4.782396836365275
  },
  "Get Feeds" : {
    "transaction" : "Get Feeds",
    "sampleCount" : 1000,
    "errorCount" : 0,
    "errorPct" : 0.0,
    "meanResTime" : 366.186,
    "medianResTime" : 245.5,
    "minResTime" : 17.0,
    "maxResTime" : 1386.0,
    "pct1ResTime" : 857.0,
    "pct2ResTime" : 1028.7999999999997,
    "pct3ResTime" : 1244.88,
    "throughput" : 14.962668142983258,
    "receivedKBytesPerSec" : 413.8112908293807,
    "sentKBytesPerSec" : 4.661221814073886
  },
  "Get Channels Page" : {
    "transaction" : "Get Channels Page",
    "sampleCount" : 1000,
    "errorCount" : 0,
    "errorPct" : 0.0,
    "meanResTime" : 281.73399999999987,
    "medianResTime" : 153.5,
    "minResTime" : 5.0,
    "maxResTime" : 1233.0,
    "pct1ResTime" : 772.7999999999997,
    "pct2ResTime" : 963.7999999999997,
    "pct3ResTime" : 1078.96,
    "throughput" : 15.024715657256186,
    "receivedKBytesPerSec" : 28.14199670958727,
    "sentKBytesPerSec" : 4.827276807848912
  },
  "Total" : {
    "transaction" : "Total",
    "sampleCount" : 7000,
    "errorCount" : 0,
    "errorPct" : 0.0,
    "meanResTime" : 540.713857142857,
    "medianResTime" : 314.5,
    "minResTime" : 5.0,
    "maxResTime" : 3207.0,
    "pct1ResTime" : 1267.7000000000016,
    "pct2ResTime" : 1747.3499999999976,
    "pct3ResTime" : 2982.99,
    "throughput" : 103.98716501277556,
    "receivedKBytesPerSec" : 1346.0738113895657,
    "sentKBytesPerSec" : 32.06077492720898
  },
  "Get Channels" : {
    "transaction" : "Get Channels",
    "sampleCount" : 1000,
    "errorCount" : 0,
    "errorPct" : 0.0,
    "meanResTime" : 940.1850000000004,
    "medianResTime" : 555.5,
    "minResTime" : 56.0,
    "maxResTime" : 3207.0,
    "pct1ResTime" : 2504.3999999999996,
    "pct2ResTime" : 2925.0,
    "pct3ResTime" : 3098.9700000000003,
    "throughput" : 14.961101137043686,
    "receivedKBytesPerSec" : 35.00663898862956,
    "sentKBytesPerSec" : 4.646123204667863
  },
  "Get Heros" : {
    "transaction" : "Get Heros",
    "sampleCount" : 1000,
    "errorCount" : 0,
    "errorPct" : 0.0,
    "meanResTime" : 922.698000000001,
    "medianResTime" : 523.0,
    "minResTime" : 37.0,
    "maxResTime" : 3158.0,
    "pct1ResTime" : 2433.0,
    "pct2ResTime" : 2949.6499999999996,
    "pct3ResTime" : 3096.0,
    "throughput" : 14.99970000599988,
    "receivedKBytesPerSec" : 31.757177356452868,
    "sentKBytesPerSec" : 4.614165529189416
  },
  "login" : {
    "transaction" : "login",
    "sampleCount" : 1000,
    "errorCount" : 0,
    "errorPct" : 0.0,
    "meanResTime" : 559.3899999999994,
    "medianResTime" : 383.5,
    "minResTime" : 15.0,
    "maxResTime" : 1880.0,
    "pct1ResTime" : 1344.2999999999997,
    "pct2ResTime" : 1521.0,
    "pct3ResTime" : 1754.93,
    "throughput" : 14.890923981833074,
    "receivedKBytesPerSec" : 17.98835250539796,
    "sentKBytesPerSec" : 4.028111272429454
  },
  "Get Feeds Page" : {
    "transaction" : "Get Feeds Page",
    "sampleCount" : 1000,
    "errorCount" : 0,
    "errorPct" : 0.0,
    "meanResTime" : 364.98300000000046,
    "medianResTime" : 236.5,
    "minResTime" : 16.0,
    "maxResTime" : 1379.0,
    "pct1ResTime" : 867.8,
    "pct2ResTime" : 1008.7999999999997,
    "pct3ResTime" : 1213.95,
    "throughput" : 15.026973417284024,
    "receivedKBytesPerSec" : 416.3821716230634,
    "sentKBytesPerSec" : 4.783977865268157
  }
}