{
  "Get Heros Page" : {
    "transaction" : "Get Heros Page",
    "sampleCount" : 5000,
    "errorCount" : 0,
    "errorPct" : 0.0,
    "meanResTime" : 2577.2574,
    "medianResTime" : 2138.5,
    "minResTime" : 14.0,
    "maxResTime" : 17019.0,
    "pct1ResTime" : 3222.9000000000005,
    "pct2ResTime" : 7882.999999999996,
    "pct3ResTime" : 15078.949999999999,
    "throughput" : 20.32099036378637,
    "receivedKBytesPerSec" : 537.6132323684927,
    "sentKBytesPerSec" : 6.4693777915960515
  },
  "Get Feeds" : {
    "transaction" : "Get Feeds",
    "sampleCount" : 5000,
    "errorCount" : 1,
    "errorPct" : 0.02,
    "meanResTime" : 2498.225799999999,
    "medianResTime" : 2113.5,
    "minResTime" : 17.0,
    "maxResTime" : 16824.0,
    "pct1ResTime" : 3217.0,
    "pct2ResTime" : 4087.2499999999973,
    "pct3ResTime" : 15226.96,
    "throughput" : 20.305640500818317,
    "receivedKBytesPerSec" : 536.0302015943989,
    "sentKBytesPerSec" : 6.325682929454144
  },
  "Get Channels Page" : {
    "transaction" : "Get Channels Page",
    "sampleCount" : 5000,
    "errorCount" : 0,
    "errorPct" : 0.0,
    "meanResTime" : 2502.1073999999894,
    "medianResTime" : 2127.0,
    "minResTime" : 7.0,
    "maxResTime" : 16961.0,
    "pct1ResTime" : 3160.800000000001,
    "pct2ResTime" : 3970.5999999999985,
    "pct3ResTime" : 15005.749999999995,
    "throughput" : 20.32148590704952,
    "receivedKBytesPerSec" : 36.673931597878436,
    "sentKBytesPerSec" : 6.529071155682904
  },
  "Total" : {
    "transaction" : "Total",
    "sampleCount" : 39999,
    "errorCount" : 5002,
    "errorPct" : 12.505313,
    "meanResTime" : 2692.0496512412788,
    "medianResTime" : 2305.0,
    "minResTime" : 3.0,
    "maxResTime" : 18712.0,
    "pct1ResTime" : 4148.0,
    "pct2ResTime" : 5736.30000000001,
    "pct3ResTime" : 16045.930000000011,
    "throughput" : 162.2039197557148,
    "receivedKBytesPerSec" : 1801.6562939102057,
    "sentKBytesPerSec" : 46.94700750997579
  },
  "Get Channels" : {
    "transaction" : "Get Channels",
    "sampleCount" : 5000,
    "errorCount" : 0,
    "errorPct" : 0.0,
    "meanResTime" : 3768.7002000000025,
    "medianResTime" : 3325.0,
    "minResTime" : 31.0,
    "maxResTime" : 18263.0,
    "pct1ResTime" : 4947.0,
    "pct2ResTime" : 11546.95,
    "pct3ResTime" : 15499.759999999995,
    "throughput" : 20.31149711982971,
    "receivedKBytesPerSec" : 62.38247894713324,
    "sentKBytesPerSec" : 6.307671957134617
  },
  "Get Heros" : {
    "transaction" : "Get Heros",
    "sampleCount" : 5000,
    "errorCount" : 2,
    "errorPct" : 0.04,
    "meanResTime" : 3679.5554000000043,
    "medianResTime" : 3220.0,
    "minResTime" : 6.0,
    "maxResTime" : 18251.0,
    "pct1ResTime" : 4934.600000000002,
    "pct2ResTime" : 10789.499999999995,
    "pct3ResTime" : 15944.96,
    "throughput" : 20.318430441885226,
    "receivedKBytesPerSec" : 57.858794273859935,
    "sentKBytesPerSec" : 6.250298426947116
  },
  "Play Feed Video - master" : {
    "transaction" : "Play Feed Video - master",
    "sampleCount" : 4999,
    "errorCount" : 4999,
    "errorPct" : 100.0,
    "meanResTime" : 84.8327665533108,
    "medianResTime" : 46.0,
    "minResTime" : 3.0,
    "maxResTime" : 13923.0,
    "pct1ResTime" : 133.0,
    "pct2ResTime" : 141.0,
    "pct3ResTime" : 247.0,
    "throughput" : 20.30223897266366,
    "receivedKBytesPerSec" : 12.484686194051065,
    "sentKBytesPerSec" : 3.1920512447254383
  },
  "login" : {
    "transaction" : "login",
    "sampleCount" : 5000,
    "errorCount" : 0,
    "errorPct" : 0.0,
    "meanResTime" : 3814.9058000000023,
    "medianResTime" : 3350.0,
    "minResTime" : 21.0,
    "maxResTime" : 18712.0,
    "pct1ResTime" : 4965.0,
    "pct2ResTime" : 12761.099999999997,
    "pct3ResTime" : 16011.279999999984,
    "throughput" : 20.33867969426897,
    "receivedKBytesPerSec" : 24.569283966612023,
    "sentKBytesPerSec" : 5.501771753234867
  },
  "Get Feeds Page" : {
    "transaction" : "Get Feeds Page",
    "sampleCount" : 5000,
    "errorCount" : 0,
    "errorPct" : 0.0,
    "meanResTime" : 2610.290999999997,
    "medianResTime" : 2174.0,
    "minResTime" : 14.0,
    "maxResTime" : 16910.0,
    "pct1ResTime" : 3210.0,
    "pct2ResTime" : 8237.849999999999,
    "pct3ResTime" : 15352.849999999997,
    "throughput" : 20.32198147448169,
    "receivedKBytesPerSec" : 537.6394532472494,
    "sentKBytesPerSec" : 6.469693320977569
  }
}