{
  "Get Heros Page" : {
    "transaction" : "Get Heros Page",
    "sampleCount" : 1000,
    "errorCount" : 0,
    "errorPct" : 0.0,
    "meanResTime" : 30.093999999999998,
    "medianResTime" : 24.0,
    "minResTime" : 15.0,
    "maxResTime" : 735.0,
    "pct1ResTime" : 46.0,
    "pct2ResTime" : 58.0,
    "pct3ResTime" : 105.99000000000001,
    "throughput" : 31.943778949049673,
    "receivedKBytesPerSec" : 845.1063628014695,
    "sentKBytesPerSec" : 10.169601501357612
  },
  "Get Feeds" : {
    "transaction" : "Get Feeds",
    "sampleCount" : 1000,
    "errorCount" : 0,
    "errorPct" : 0.0,
    "meanResTime" : 28.613,
    "medianResTime" : 24.0,
    "minResTime" : 15.0,
    "maxResTime" : 126.0,
    "pct1ResTime" : 43.0,
    "pct2ResTime" : 51.0,
    "pct3ResTime" : 100.96000000000004,
    "throughput" : 31.56964263164541,
    "receivedKBytesPerSec" : 833.5433865544893,
    "sentKBytesPerSec" : 9.834683593256726
  },
  "Get Channels Page" : {
    "transaction" : "Get Channels Page",
    "sampleCount" : 1000,
    "errorCount" : 0,
    "errorPct" : 0.0,
    "meanResTime" : 17.792999999999985,
    "medianResTime" : 13.0,
    "minResTime" : 6.0,
    "maxResTime" : 146.0,
    "pct1ResTime" : 31.0,
    "pct2ResTime" : 44.899999999999864,
    "pct3ResTime" : 89.0,
    "throughput" : 31.948881789137378,
    "receivedKBytesPerSec" : 57.65774760383386,
    "sentKBytesPerSec" : 10.26482627795527
  },
  "Total" : {
    "transaction" : "Total",
    "sampleCount" : 8000,
    "errorCount" : 1000,
    "errorPct" : 12.5,
    "meanResTime" : 37.63349999999986,
    "medianResTime" : 30.0,
    "minResTime" : 1.0,
    "maxResTime" : 1118.0,
    "pct1ResTime" : 68.0,
    "pct2ResTime" : 94.0,
    "pct3ResTime" : 128.98999999999978,
    "throughput" : 249.92970726983035,
    "receivedKBytesPerSec" : 2776.154082152676,
    "sentKBytesPerSec" : 72.33683300009372
  },
  "Get Channels" : {
    "transaction" : "Get Channels",
    "sampleCount" : 1000,
    "errorCount" : 0,
    "errorPct" : 0.0,
    "meanResTime" : 57.55099999999997,
    "medianResTime" : 54.5,
    "minResTime" : 27.0,
    "maxResTime" : 248.0,
    "pct1ResTime" : 78.0,
    "pct2ResTime" : 91.0,
    "pct3ResTime" : 132.96000000000004,
    "throughput" : 31.800546969407872,
    "receivedKBytesPerSec" : 97.66867208865992,
    "sentKBytesPerSec" : 9.875560484640335
  },
  "Get Heros" : {
    "transaction" : "Get Heros",
    "sampleCount" : 1000,
    "errorCount" : 0,
    "errorPct" : 0.0,
    "meanResTime" : 51.977000000000004,
    "medianResTime" : 47.0,
    "minResTime" : 26.0,
    "maxResTime" : 321.0,
    "pct1ResTime" : 78.0,
    "pct2ResTime" : 97.0,
    "pct3ResTime" : 132.99,
    "throughput" : 31.861339450710506,
    "receivedKBytesPerSec" : 90.76125700949468,
    "sentKBytesPerSec" : 9.801095631810362
  },
  "Play Feed Video - master" : {
    "transaction" : "Play Feed Video - master",
    "sampleCount" : 1000,
    "errorCount" : 1000,
    "errorPct" : 100.0,
    "meanResTime" : 53.74799999999993,
    "medianResTime" : 36.0,
    "minResTime" : 1.0,
    "maxResTime" : 164.0,
    "pct1ResTime" : 120.0,
    "pct2ResTime" : 127.0,
    "pct3ResTime" : 139.99,
    "throughput" : 31.66962249809982,
    "receivedKBytesPerSec" : 19.441003946826704,
    "sentKBytesPerSec" : 4.979305881048898
  },
  "login" : {
    "transaction" : "login",
    "sampleCount" : 1000,
    "errorCount" : 0,
    "errorPct" : 0.0,
    "meanResTime" : 32.44599999999997,
    "medianResTime" : 26.0,
    "minResTime" : 13.0,
    "maxResTime" : 1118.0,
    "pct1ResTime" : 49.89999999999998,
    "pct2ResTime" : 61.94999999999993,
    "pct3ResTime" : 102.99000000000001,
    "throughput" : 31.39421718519449,
    "receivedKBytesPerSec" : 37.9244596270367,
    "sentKBytesPerSec" : 8.492381015916868
  },
  "Get Feeds Page" : {
    "transaction" : "Get Feeds Page",
    "sampleCount" : 1000,
    "errorCount" : 0,
    "errorPct" : 0.0,
    "meanResTime" : 28.845999999999997,
    "medianResTime" : 24.0,
    "minResTime" : 15.0,
    "maxResTime" : 194.0,
    "pct1ResTime" : 44.0,
    "pct2ResTime" : 56.0,
    "pct3ResTime" : 93.99000000000001,
    "throughput" : 32.14917215881691,
    "receivedKBytesPerSec" : 850.5402567915127,
    "sentKBytesPerSec" : 10.234990355248351
  }
}